id,smoking
15000,0.8458955687706884
15001,0.6082676027682943
15002,0.5420453193866812
15003,0.7393232434379002
15004,0.8430417570278237
15005,0.6256243673777743
15006,0.5483546632292527
15007,0.6623529867944393
15008,0.8495078814175209
15009,0.017108377670350984
15010,0.0607804888678863
15011,0.8205941096228059
15012,0.30940560881973184
15013,0.012430251665419481
15014,0.007871676613629508
15015,0.1796127258661461
15016,0.05751865286543124
15017,0.005735653897747511
15018,0.005145446231956652
15019,0.0027653243772241677
15020,0.45637734748385894
15021,0.03946255674751546
15022,0.34722649745945655
15023,0.6730577708429111
15024,0.5088207639731942
15025,0.46467334600218607
15026,0.7064640296970531
15027,0.0180192856552732
15028,0.010455739116276197
15029,0.030432747219652417
15030,0.45327169679383233
15031,0.08041635280933809
15032,0.7851259939530241
15033,0.04054709961856374
15034,0.3076652666181653
15035,0.6980713200571929
15036,0.019729507474778654
15037,0.22263713068844102
15038,0.48570588095463424
15039,0.2594595123413961
15040,0.8808695437941799
15041,0.41649521085112906
15042,0.006812233666137465
15043,0.39773737895944183
15044,0.10393849594663278
15045,0.07873334899128462
15046,0.7607048572291228
15047,0.2621320372744978
15048,0.015706209591586157
15049,0.4292865315941553
15050,0.6523556113598558
15051,0.6192844652420765
15052,0.05940161704150647
15053,0.01499080287128023
15054,0.01081977715628511
15055,0.7967652992041753
15056,0.025094170569132535
15057,0.024523936977399994
15058,0.49053083482911847
15059,0.8563257993419988
15060,0.11358542545957598
15061,0.048574138779312846
15062,0.3785402227151701
15063,0.023130472476866986
15064,0.42684464210707573
15065,0.7155956726848121
15066,0.8015195480856854
15067,0.6119590050504835
15068,0.4837040047068885
15069,0.02015969412061767
15070,0.06301932552238845
15071,0.12907975995826457
15072,0.8429562830359515
15073,0.68332850990012
15074,0.8714640327339882
15075,0.6988327500798353
15076,0.2756265612485799
15077,0.01650173138446056
15078,0.7292953798379803
15079,0.41275780976819343
15080,0.024433515787703527
15081,0.5596914071552874
15082,0.42077172468225
15083,0.6596213024931838
15084,0.19588011553126283
15085,0.3004893816461436
15086,0.38267881018055994
15087,0.8493965032486529
15088,0.04061111485765434
15089,0.8668813216276458
15090,0.01615121104109767
15091,0.020772518753467875
15092,0.011332119469738902
15093,0.5556713873743525
15094,0.7378970986806654
15095,0.01753388270927244
15096,0.43422749437936486
15097,0.5708248059840914
15098,0.41945465827895584
15099,0.7915854496116004
15100,0.018843706875065057
15101,0.20722133745064575
15102,0.39357536046722136
15103,0.010128198640005776
15104,0.5836784133831296
15105,0.4557420081746554
15106,0.7082555662749226
15107,0.02004671021546806
15108,0.041067784055570496
15109,0.3457495733445474
15110,0.06219135588446321
15111,0.025209964028814178
15112,0.7660769119376613
15113,0.5763038901169247
15114,0.41592180506871873
15115,0.5655717969235873
15116,0.015833358790515794
15117,0.011610428364899556
15118,0.8415138228721543
15119,0.015600210634823147
15120,0.056133158294809304
15121,0.010880109899533369
15122,0.3881840054545122
15123,0.013277503047887535
15124,0.7465204908907705
15125,0.009470869227164865
15126,0.8385521406863506
15127,0.9162321435747174
15128,0.45147647232270155
15129,0.01994280921575012
15130,0.09886110749351514
15131,0.34933732888515556
15132,0.3107556493639683
15133,0.05402502677887362
15134,0.08214837390420594
15135,0.19608715441958446
15136,0.8076574618975506
15137,0.1667463293866947
15138,0.8864450505514484
15139,0.16701974276105225
15140,0.6226377710174673
15141,0.5398926686107146
15142,0.09250574320046455
15143,0.21670273116457192
15144,0.8815580076338027
15145,0.837593835958569
15146,0.4791226470670356
15147,0.021809984842633554
15148,0.7026144461588895
15149,0.04666422221163222
15150,0.8685240621555333
15151,0.6208746877811288
15152,0.013994507621309124
15153,0.469419983256423
15154,0.7256408570865943
15155,0.5059189242503913
15156,0.5621223392603206
15157,0.5351038111125644
15158,0.5606558577046376
15159,0.6930560637918279
15160,0.8561485901500524
15161,0.4668366658169467
15162,0.015112684961592767
15163,0.04233627732483658
15164,0.007490417157453081
15165,0.05365568906316512
15166,0.00876641294194956
15167,0.045696807231987914
15168,0.5993005191360194
15169,0.43523344680195114
15170,0.0031581854490583213
15171,0.36637932828329883
15172,0.011254363235881077
15173,0.0129295071478541
15174,0.037184565435528796
15175,0.013865637278519347
15176,0.01739936508550435
15177,0.22801477721952207
15178,0.004672657359199417
15179,0.010716441326581628
15180,0.49113397342117654
15181,0.49124752125205695
15182,0.6110631215595489
15183,0.7276994764361947
15184,0.5965412250673651
15185,0.008546563065556654
15186,0.7821995295842912
15187,0.016466744955946414
15188,0.01130316707147039
15189,0.4749374336970467
15190,0.4210125794391818
15191,0.004787440983256317
15192,0.5161037866108816
15193,0.08930600467776659
15194,0.018915557824197956
15195,0.007823225190072943
15196,0.07148624878989171
15197,0.17250891481349206
15198,0.5181952432802881
15199,0.49292458452740645
15200,0.23731733767347027
15201,0.7041154369581525
15202,0.4678053720432428
15203,0.6106988318142675
15204,0.6003505730813354
15205,0.01166372563491526
15206,0.811953792461717
15207,0.19090149913330273
15208,0.00933357226608869
15209,0.020515151243748676
15210,0.6872619665988129
15211,0.03119718715444411
15212,0.022424596424277177
15213,0.8505436122438085
15214,0.7463146431245107
15215,0.3025010536099823
15216,0.02658918248274049
15217,0.7485370505110527
15218,0.43407998239341816
15219,0.5770132758708322
15220,0.8254747085875748
15221,0.024292354539210845
15222,0.021250974745015663
15223,0.48601134433920395
15224,0.6219641174867487
15225,0.7282598173750771
15226,0.0058471702370842685
15227,0.5416923687904404
15228,0.36732237248284316
15229,0.01718865351651089
15230,0.015320947840365534
15231,0.013325575433851426
15232,0.7356863142270094
15233,0.5095730003562824
15234,0.04416502342248919
15235,0.032865591082120636
15236,0.6719175352249885
15237,0.020339983502446576
15238,0.19879155157426356
15239,0.10839201696338599
15240,0.6954763949745552
15241,0.005333631711080303
15242,0.01244139536145515
15243,0.0261716731852214
15244,0.7641526030405318
15245,0.02246360157206473
15246,0.43186969131713665
15247,0.5279305721300194
15248,0.016624942997494216
15249,0.8941534816981904
15250,0.0055398908522164714
15251,0.08878136125338099
15252,0.5987865661082759
15253,0.583006740617879
15254,0.6860188612308171
15255,0.017185322306459926
15256,0.017660128601570617
15257,0.026189172604672177
15258,0.018002020978013816
15259,0.8541422730009762
15260,0.12253354575950037
15261,0.6017487398063058
15262,0.7157493323220008
15263,0.01105530002362849
15264,0.10146814475401698
15265,0.258417164541266
15266,0.0164381796441203
15267,0.21851137196522802
15268,0.022239497931743898
15269,0.005633439708160411
15270,0.291099798028758
15271,0.3188155780417591
15272,0.7437705531197049
15273,0.004367541223579503
15274,0.542334398795813
15275,0.6167676391088106
15276,0.4006197337502793
15277,0.7182305496689767
15278,0.3944786025262602
15279,0.7574184893239877
15280,0.019521844615156568
15281,0.7433128862314913
15282,0.021608151418160495
15283,0.010633538938072683
15284,0.00902262610682764
15285,0.005386002534945751
15286,0.010994284209494814
15287,0.019003884281498976
15288,0.4300552151292876
15289,0.8113685012578522
15290,0.0214289480085469
15291,0.016441269746405182
15292,0.08131290415048069
15293,0.013685020479282847
15294,0.48943063813794685
15295,0.053859896075722544
15296,0.1060229363827668
15297,0.538976082152972
15298,0.20841126891666356
15299,0.6574002205047336
15300,0.019247278592662766
15301,0.8376893486436279
15302,0.014972574209995818
15303,0.33457436381066114
15304,0.012707440212689939
15305,0.8050655327526499
15306,0.4235614452937456
15307,0.6074675491184552
15308,0.8231713268931535
15309,0.6829634008904233
15310,0.7494269138339444
15311,0.022319925082869816
15312,0.651213418831493
15313,0.7933724835198189
15314,0.5043268566407294
15315,0.03582560076378174
15316,0.599806320204012
15317,0.005595689896206792
15318,0.019135474873362066
15319,0.03249635388923133
15320,0.6284942846568939
15321,0.00891419423146335
15322,0.023526071795535255
15323,0.8103641864141637
15324,0.14070904746126084
15325,0.366915101647192
15326,0.8626757248840471
15327,0.6638980709927574
15328,0.7439722360242509
15329,0.5932023654785267
15330,0.8015886065905325
15331,0.4923750775446244
15332,0.48192856410752316
15333,0.2414070131221536
15334,0.6109315603789919
15335,0.02367266648000239
15336,0.01894659013334137
15337,0.8561479331444503
15338,0.597119245463823
15339,0.023789210636583367
15340,0.3521890189255706
15341,0.08565900578918702
15342,0.17862518096384103
15343,0.6044176592250835
15344,0.01818861178299141
15345,0.014447487187559335
15346,0.344833354891338
15347,0.551712285006312
15348,0.12142769237061742
15349,0.5090181785670127
15350,0.30831886705378486
15351,0.5048141029096997
15352,0.628201674860851
15353,0.8011415701331883
15354,0.00960850961094444
15355,0.7850984995929943
15356,0.8462056453904877
15357,0.6824178543503079
15358,0.5963641399153768
15359,0.07694325965743104
15360,0.9031297245257528
15361,0.256702426224009
15362,0.4907237071974881
15363,0.41187976423652395
15364,0.4319171613904238
15365,0.006581837466471403
15366,0.017511125982590588
15367,0.3540707548767705
15368,0.4381728473212752
15369,0.431314540555404
15370,0.20307698656698395
15371,0.3241674765359477
15372,0.40427949826087434
15373,0.010743401499542442
15374,0.013555153636295423
15375,0.7171156943572529
15376,0.07375907519426197
15377,0.0025771039782272707
15378,0.30290751899628193
15379,0.660578287545215
15380,0.7347372007407774
15381,0.239520060894728
15382,0.2369376457758767
15383,0.2844042665537564
15384,0.006551802162971028
15385,0.46067271629659007
15386,0.31096934907207147
15387,0.8978912283983186
15388,0.40891300143077763
15389,0.23344189353417316
15390,0.5282914902449682
15391,0.5765772805846164
15392,0.02889458752568373
15393,0.8901156264402796
15394,0.7579729029097965
15395,0.7614982177900842
15396,0.7349575375960966
15397,0.020869200658076494
15398,0.828902815226897
15399,0.06264567904566713
15400,0.04422053226460585
15401,0.5369284139102078
15402,0.0035060488873841986
15403,0.6312230331340632
15404,0.11199798835530764
15405,0.21008951437334403
15406,0.0022158003512665254
15407,0.15213563804190153
15408,0.7244096642805444
15409,0.1379906667701922
15410,0.013883648212574432
15411,0.46582574176819946
15412,0.20319722456824726
15413,0.0017400563889919457
15414,0.015901474291081658
15415,0.00493622814986857
15416,0.008054025263335275
15417,0.023936240284419118
15418,0.4928104809749699
15419,0.1440199517518241
15420,0.013340785535143992
15421,0.5535163367186465
15422,0.027273055268977893
15423,0.5500050780851905
15424,0.7926624706804771
15425,0.013491990324983629
15426,0.03110809083916192
15427,0.8439516762870377
15428,0.5464337132591982
15429,0.01619720431111229
15430,0.2889798872670992
15431,0.06040513556610836
15432,0.008740238227728767
15433,0.6662735839190796
15434,0.01688944803025364
15435,0.717223015739981
15436,0.7479535038432973
15437,0.015675853042052504
15438,0.7940913232807258
15439,0.024998531007561935
15440,0.014075364458922513
15441,0.3133255906826328
15442,0.6864525766789346
15443,0.09055867857206028
15444,0.5274573325003955
15445,0.044996684535075784
15446,0.18216755687180078
15447,0.006792559893435307
15448,0.829698708923034
15449,0.5690619137790824
15450,0.017062853529701667
15451,0.013224810234655012
15452,0.41568921532058767
15453,0.24866344252480163
15454,0.02865930972061184
15455,0.09513246032898807
15456,0.3594662448705696
15457,0.5712122754081862
15458,0.781835610907715
15459,0.5662834661008208
15460,0.6484167715729605
15461,0.028141266253216748
15462,0.5216895133150482
15463,0.6688036099619679
15464,0.008993225918424764
15465,0.46931116639756204
15466,0.8086885537044408
15467,0.5182473583424869
15468,0.4266761097148586
15469,0.06328010393646745
15470,0.004320665933907521
15471,0.02384627676153428
15472,0.01527265234697569
15473,0.3700993011424559
15474,0.04400943469485525
15475,0.060804346854692076
15476,0.6005971674379855
15477,0.5324531413082289
15478,0.012118448307676595
15479,0.022620629422806585
15480,0.004082500231357964
15481,0.02011766094962629
15482,0.003424904687354526
15483,0.8085112301649451
15484,0.7877940280838889
15485,0.020628420155449793
15486,0.8596902970170524
15487,0.5428071281859939
15488,0.9072158720074308
15489,0.7740530236508896
15490,0.7191633177626154
15491,0.5557386795772641
15492,0.7539527929911827
15493,0.8188264674693257
15494,0.40946998259921785
15495,0.004521558273961737
15496,0.02258973528519305
15497,0.07933370631166872
15498,0.42036622763432996
15499,0.7436477481699343
15500,0.028798879855594182
15501,0.010403561935062668
15502,0.030412836328563484
15503,0.5457542231470168
15504,0.25626708527000147
15505,0.8559461851224459
15506,0.715613396186166
15507,0.03543692313392165
15508,0.8600966200089357
15509,0.015416414780973841
15510,0.7342305886557589
15511,0.7282473908519329
15512,0.032461715266798696
15513,0.010133807285858488
15514,0.5766253579553297
15515,0.9099317574539805
15516,0.9127117828097236
15517,0.5253047678520356
15518,0.7633154682298471
15519,0.011566158588163308
15520,0.012821865550957368
15521,0.2024820325974248
15522,0.0053823245501612845
15523,0.06708187348550466
15524,0.5861220436593082
15525,0.026288781307615625
15526,0.08593420001016158
15527,0.6633952370493139
15528,0.0065840337441405924
15529,0.008305426220110334
15530,0.019248445884612515
15531,0.014324162561317423
15532,0.5609940771560303
15533,0.8745795925433514
15534,0.016141999947066034
15535,0.778965811268067
15536,0.6797986514236051
15537,0.010823180784653533
15538,0.623249032848201
15539,0.3811655659074939
15540,0.23614193478638004
15541,0.6733628349214609
15542,0.03291138069277805
15543,0.3372713299688126
15544,0.02034239585146749
15545,0.8511579436751486
15546,0.4644377406584603
15547,0.6920191921971383
15548,0.12358886470615024
15549,0.012165605247049594
15550,0.5398703307426659
15551,0.13922828402237064
15552,0.7179541204692388
15553,0.6660811260971554
15554,0.028861406721916186
15555,0.6165707880141383
15556,0.008949184102584634
15557,0.7254206261702243
15558,0.8111702667419968
15559,0.8419261116631152
15560,0.5348440439318548
15561,0.9131305500722156
15562,0.015064347677917483
15563,0.02698784238357715
15564,0.554694409697395
15565,0.021613214250767968
15566,0.6483555886978416
15567,0.007848085064148597
15568,0.03742563437984114
15569,0.29977337670851634
15570,0.01615777006083258
15571,0.03699010828834283
15572,0.014821199239991272
15573,0.0866660195371642
15574,0.016887260907600267
15575,0.7413011009070167
15576,0.5461286934353226
15577,0.33795192900263016
15578,0.38948503269020585
15579,0.7663575813007881
15580,0.816968101418756
15581,0.6530056803701757
15582,0.2035324217849785
15583,0.011142600122278459
15584,0.8816045921318968
15585,0.35480062519143096
15586,0.4781870528997141
15587,0.5712953395713519
15588,0.22142199836734813
15589,0.8098562182906225
15590,0.7466453302531458
15591,0.016478107623535118
15592,0.47074226841590405
15593,0.4715633859655594
15594,0.594345910353171
15595,0.09400577564767418
15596,0.011579865999806196
15597,0.4617366552560567
15598,0.012971306328355954
15599,0.7110319258440663
15600,0.21500287006211433
15601,0.50267858495392
15602,0.11175589277988403
15603,0.020300201453961844
15604,0.022776287200057463
15605,0.45186248228066306
15606,0.6864350335601113
15607,0.0034002962039598734
15608,0.4725031813392799
15609,0.12309093342774502
15610,0.6796048308211081
15611,0.04560399711232219
15612,0.3009551540366924
15613,0.7222187601592366
15614,0.7660502058401051
15615,0.30467997819983045
15616,0.05243763142775893
15617,0.6420984999429765
15618,0.642862117562814
15619,0.007848116465119872
15620,0.4790237616698788
15621,0.059725004228278866
15622,0.7739906832655832
15623,0.0345374601335644
15624,0.7138632953432099
15625,0.14901067989393468
15626,0.5604611970817743
15627,0.06857755504510209
15628,0.230961413986784
15629,0.013594977813493529
15630,0.2161007333367607
15631,0.3641854596125662
15632,0.5758655315946203
15633,0.5464890082234024
15634,0.4962869630182529
15635,0.6016897004288553
15636,0.024126459774205116
15637,0.012939186415491619
15638,0.32728097091130337
15639,0.014493813202452048
15640,0.004225964158421462
15641,0.6478062680356961
15642,0.011837607151701403
15643,0.8074178818356194
15644,0.13508981140717352
15645,0.037001992122042845
15646,0.014648919182443276
15647,0.4878565308654426
15648,0.04433316651626168
15649,0.11174849484239124
15650,0.013088625660988782
15651,0.39115647766545275
15652,0.20804224267775556
15653,0.01004555065799074
15654,0.007932896352284328
15655,0.007364465567309948
15656,0.013817099277563227
15657,0.367478770961163
15658,0.009006966300317122
15659,0.5979233385912839
15660,0.3907423402447031
15661,0.7902740558939393
15662,0.024784835576508717
15663,0.34279352335104885
15664,0.5295413843566885
15665,0.5354121821893256
15666,0.8043731611303998
15667,0.09701380042426554
15668,0.10777465538244377
15669,0.8141027952861999
15670,0.5963996810886124
15671,0.6778867346044262
15672,0.7984400454649879
15673,0.6746805616449804
15674,0.26398287148556804
15675,0.40082656486394297
15676,0.32564274119117476
15677,0.8846222787581294
15678,0.754032223356556
15679,0.2571919397413038
15680,0.0681055353458699
15681,0.023764508654025206
15682,0.017736418583437743
15683,0.45205778205934705
15684,0.4615880380904549
15685,0.005436127440539521
15686,0.2746304321007341
15687,0.10252355160796592
15688,0.0333487639961001
15689,0.7437158622924573
15690,0.37909241285380124
15691,0.0044653097873859965
15692,0.6079145957807494
15693,0.7795532480183465
15694,0.01328370052952196
15695,0.7443337533436631
15696,0.02675764027118016
15697,0.14226616711081644
15698,0.3840293842244015
15699,0.01712343895971227
15700,0.7929869602855496
15701,0.004588489637028083
15702,0.033812302668073044
15703,0.0059639139359216695
15704,0.028856180717418245
15705,0.048337701349408235
15706,0.7294427111522355
15707,0.0034055816623144042
15708,0.08251308821389103
15709,0.6829429803233867
15710,0.04350339867722222
15711,0.3006452224507588
15712,0.5876480242166524
15713,0.011147669717548008
15714,0.394776240001164
15715,0.006814765114340147
15716,0.773530982507454
15717,0.6259357134739576
15718,0.8048360938484491
15719,0.025925475583859867
15720,0.8392876028925859
15721,0.015137001354259643
15722,0.1780541656856252
15723,0.475034732217563
15724,0.7242715322698906
15725,0.8172857793606739
15726,0.013529491465234316
15727,0.04718976278316064
15728,0.8018488388220507
15729,0.020091169771053973
15730,0.013243952204540181
15731,0.48139175374003584
15732,0.02626194604035761
15733,0.5980830900480074
15734,0.6382925490633613
15735,0.08974696622009008
15736,0.035571558609619025
15737,0.6157514030018785
15738,0.014949053485182651
15739,0.003721238991602629
15740,0.0456898719264599
15741,0.34657232234300533
15742,0.859070568915444
15743,0.0117444868132321
15744,0.015062035309901311
15745,0.012106839851795635
15746,0.017576279400250482
15747,0.6322889202444466
15748,0.009230624995209344
15749,0.7359502489491201
15750,0.013398180253708274
15751,0.013971585927422642
15752,0.8218576031472719
15753,0.5081238233385946
15754,0.6510342156720996
15755,0.7527819509705411
15756,0.7658345420968966
15757,0.017916596136774415
15758,0.01727527616133641
15759,0.03490772312075732
15760,0.21110031648707242
15761,0.00593923174002998
15762,0.8368514844235455
15763,0.9045241933836533
15764,0.00697895704701781
15765,0.8220426327142127
15766,0.4972374545226354
15767,0.8448540911775828
15768,0.7629823057463396
15769,0.050044743650401034
15770,0.00551188464403597
15771,0.016008879482497358
15772,0.008280883483628945
15773,0.4359503466867456
15774,0.30484263741839324
15775,0.00402324218240149
15776,0.577415223799977
15777,0.5590483179134571
15778,0.8446330742334586
15779,0.05754091828246804
15780,0.020072133840026405
15781,0.3379095313731009
15782,0.021140107669693448
15783,0.5199702000253343
15784,0.8416612824256049
15785,0.4982938497656646
15786,0.066946570164851
15787,0.09655289579846446
15788,0.7175647649661492
15789,0.5120596923322428
15790,0.12020339074491981
15791,0.3600927042982275
15792,0.20459230013126817
15793,0.003661505793914813
15794,0.6595690858903336
15795,0.07598047095008849
15796,0.02132451768659302
15797,0.23507408563697443
15798,0.7857374822800832
15799,0.043127020260012264
15800,0.2810083706466714
15801,0.49828093111508076
15802,0.7191211081459319
15803,0.062003199037414726
15804,0.3183673629131826
15805,0.5207247352409058
15806,0.02560829800934176
15807,0.28280174643568745
15808,0.03676338678548597
15809,0.8251148272086558
15810,0.3553572348224694
15811,0.10360240930690855
15812,0.7916504852003408
15813,0.3168233590993947
15814,0.8415275507555494
15815,0.006839484098242202
15816,0.9106991868355767
15817,0.5900776485019249
15818,0.5423550383975103
15819,0.6518000808414766
15820,0.1207594079679378
15821,0.2861485063288115
15822,0.07698136229887426
15823,0.8764935852642063
15824,0.37076692676162926
15825,0.0818982447672021
15826,0.013873641827399918
15827,0.13170479860086406
15828,0.6303871395494831
15829,0.00879507946213413
15830,0.002546039765556491
15831,0.01825087682943385
15832,0.633541256349683
15833,0.010898538205542844
15834,0.5781041100219038
15835,0.01565662230185156
15836,0.6129486036200337
15837,0.020870073593826775
15838,0.4478690550435202
15839,0.01915497121375876
15840,0.014181355754654625
15841,0.5722119866012664
15842,0.41616093598241904
15843,0.6800078545322206
15844,0.7707137965496333
15845,0.0037711550459937617
15846,0.014558133245077548
15847,0.8234006050497703
15848,0.5931902958970287
15849,0.00996750065880113
15850,0.8187949333396634
15851,0.02716704635617506
15852,0.8599345240947707
15853,0.16194861101168645
15854,0.6649858468125294
15855,0.549053424753948
15856,0.010958245299386613
15857,0.02268297270092381
15858,0.009641790629057265
15859,0.006280508238150043
15860,0.33504660059664826
15861,0.0895565857484006
15862,0.2696298032439072
15863,0.9009967109819256
15864,0.02933236473365931
15865,0.4051315697614033
15866,0.5309112575874868
15867,0.8511378072263126
15868,0.3003386418360394
15869,0.0028874294945603132
15870,0.041331276115557966
15871,0.009094274462714444
15872,0.8843437241159887
15873,0.7368697671656734
15874,0.0642001585602814
15875,0.11784844516117461
15876,0.007400772988607423
15877,0.012562409398019352
15878,0.6753329984442801
15879,0.4197433399996496
15880,0.6328914604965659
15881,0.8523257827669604
15882,0.007908907911574526
15883,0.07273438197162546
15884,0.18336326951930473
15885,0.5037986697017643
15886,0.0075491028238171085
15887,0.32341225757470154
15888,0.5419886385464208
15889,0.9153071474526492
15890,0.3931299609493537
15891,0.7179251553196991
15892,0.007848982641510436
15893,0.4860244444477799
15894,0.42484333176141276
15895,0.013821957459470109
15896,0.6923048963353883
15897,0.0417997295903044
15898,0.02924199859262866
15899,0.010717393612954748
15900,0.7749306573350642
15901,0.8531198518559601
15902,0.8198702279606112
15903,0.7583348412522845
15904,0.8740904033299236
15905,0.03839209832966695
15906,0.41441886752075735
15907,0.6403576126875378
15908,0.00971316583760864
15909,0.6430580253277896
15910,0.6731280965327304
15911,0.0830872650305404
15912,0.004118278320686604
15913,0.004928678564664817
15914,0.02060787538269977
15915,0.9499009467416568
15916,0.03687873391950611
15917,0.02214959138932473
15918,0.026661636886529356
15919,0.020054955188062967
15920,0.006434853090568268
15921,0.5494798356340045
15922,0.025968181904125788
15923,0.026070988483296496
15924,0.03326015640391723
15925,0.42779551325985643
15926,0.02781110546679847
15927,0.018130928734863664
15928,0.7603306623397805
15929,0.5774969019210652
15930,0.011716934646793298
15931,0.07855211294809955
15932,0.8511391608239268
15933,0.4635645530315482
15934,0.5325310511015329
15935,0.5927627697862157
15936,0.6161874559298555
15937,0.49885381000693757
15938,0.007892680450285738
15939,0.7305797337907428
15940,0.018407781587957334
15941,0.030063454987622192
15942,0.6270284119146226
15943,0.6228816487171472
15944,0.6329187977152447
15945,0.055973642183244646
15946,0.6333523620198823
15947,0.15320132309611825
15948,0.8127202156286643
15949,0.16341326180911256
15950,0.05001411450306358
15951,0.7294295252340715
15952,0.3410134805591725
15953,0.5576924194587135
15954,0.6284965833097486
15955,0.6490552405216291
15956,0.5684592098049385
15957,0.49374048889824834
15958,0.2830871464259887
15959,0.583892284337584
15960,0.0492207007442779
15961,0.021636422963924182
15962,0.6087509325689997
15963,0.831016632858352
15964,0.028430998567296514
15965,0.1574001254867748
15966,0.018108336266578515
15967,0.39408646867147396
15968,0.46042270124916646
15969,0.03411985230490088
15970,0.021305113758129064
15971,0.7167174078182357
15972,0.01938439116282725
15973,0.7311346936791447
15974,0.8291645589136982
15975,0.11537225333150376
15976,0.0648392442449345
15977,0.5365981510015554
15978,0.17429616202663825
15979,0.46084264402966013
15980,0.8531523000678852
15981,0.8248965253106245
15982,0.04199918405189601
15983,0.021115556793055056
15984,0.7672890576569593
15985,0.9017769520314146
15986,0.6860908933864235
15987,0.7811485526007784
15988,0.020506589491809904
15989,0.36071755545646267
15990,0.6527012361956762
15991,0.004400615363188768
15992,0.008898042604987604
15993,0.6038178841060863
15994,0.15689465793341317
15995,0.7293098746892294
15996,0.4138330276406912
15997,0.05221401896542115
15998,0.04094050700974342
15999,0.02786562929325629
16000,0.05081394540903214
16001,0.6398369133063444
16002,0.72950601912637
16003,0.3770432628726859
16004,0.7899384988689647
16005,0.7744653559208559
16006,0.42668815312007624
16007,0.18168504630068166
16008,0.5740215692073857
16009,0.005405885567292978
16010,0.5532850662982507
16011,0.8876958757836487
16012,0.6502101756164275
16013,0.8779505088871016
16014,0.34026504865722146
16015,0.5900345540435358
16016,0.0127815549252734
16017,0.47576213297965286
16018,0.02477908601402852
16019,0.6534695223439296
16020,0.5848282909004022
16021,0.013947224800012177
16022,0.37262890947564986
16023,0.34283993150490866
16024,0.009666365510785396
16025,0.02066975706433864
16026,0.39367358262643304
16027,0.057597018470715924
16028,0.025297988716362723
16029,0.5402038826564258
16030,0.0034086671045762337
16031,0.26118648623251134
16032,0.8192745634752623
16033,0.8916902265088812
16034,0.5332593521308587
16035,0.9233678718813814
16036,0.8645153162813703
16037,0.013392453323593059
16038,0.06686456206709504
16039,0.6669668444605864
16040,0.005108583210206245
16041,0.2945488518098694
16042,0.07162033520564018
16043,0.009505544777018001
16044,0.4179448218666513
16045,0.781507839821941
16046,0.010727607238858973
16047,0.43356809908244165
16048,0.5742200879185351
16049,0.6497881751622875
16050,0.06065215700216425
16051,0.04762357911040077
16052,0.750717435818302
16053,0.8271564818994165
16054,0.46318015780525384
16055,0.7767441544865762
16056,0.007106288764985278
16057,0.6323736307459336
16058,0.01837678777247229
16059,0.04729925338270292
16060,0.6536220872471755
16061,0.5001455586246683
16062,0.7222676283419932
16063,0.007977824842412868
16064,0.6736458571277477
16065,0.8452193783778128
16066,0.030307736132595138
16067,0.6505788856406834
16068,0.033802046235074594
16069,0.5856787889844253
16070,0.64749858093846
16071,0.47238091395485166
16072,0.35275801670773127
16073,0.606776231697131
16074,0.5193184351605867
16075,0.853097254984173
16076,0.7413511009224756
16077,0.04473267705107568
16078,0.3541394290302105
16079,0.6525725680989396
16080,0.6228123807722113
16081,0.12146086830692433
16082,0.048896745488241626
16083,0.026144749390998076
16084,0.48103271779775575
16085,0.35071675493275056
16086,0.11876079712094198
16087,0.23215370271306907
16088,0.015064024842397694
16089,0.8612790919467793
16090,0.6093766891949802
16091,0.046838220209661795
16092,0.012759008444597207
16093,0.6673773905127166
16094,0.011797739849158974
16095,0.860132712312046
16096,0.239613768916055
16097,0.6521035138115348
16098,0.15205315752501486
16099,0.8810302482963287
16100,0.0075376204914269
16101,0.6334652536480454
16102,0.5308805791442921
16103,0.48122761805098374
16104,0.02073873241419604
16105,0.017371567430449392
16106,0.3634606407744714
16107,0.1043204931734237
16108,0.04653802860381288
16109,0.4944124565337993
16110,0.014422006715808374
16111,0.386717115438328
16112,0.05980309572599545
16113,0.717082866573921
16114,0.8551991672446696
16115,0.02973500731646519
16116,0.0215511914601434
16117,0.6823910816827248
16118,0.016680714404749185
16119,0.012449044571020614
16120,0.02079092059830509
16121,0.018388928436007562
16122,0.6671947795281655
16123,0.8526058659471383
16124,0.0406823641667025
16125,0.05229390399242802
16126,0.020070977070905213
16127,0.46528947477848226
16128,0.8010713095211337
16129,0.018970044978870726
16130,0.7347536591088519
16131,0.7263247090549552
16132,0.7430332746947568
16133,0.023832379720828203
16134,0.019723237698146504
16135,0.7871041538657172
16136,0.5731958961392606
16137,0.7492866007774767
16138,0.028711491199517575
16139,0.7311508941306355
16140,0.6251919839741259
16141,0.1910046965186361
16142,0.8479141444244717
16143,0.00211637474807001
16144,0.7881771864855953
16145,0.008932162193087213
16146,0.8625956154533827
16147,0.008347177382974469
16148,0.5629720825484514
16149,0.7255438263801335
16150,0.4078640783723665
16151,0.5948830030541078
16152,0.3200012721648296
16153,0.36099672856409376
16154,0.028178754519633982
16155,0.5663332035500761
16156,0.7340357266577445
16157,0.022238401624813265
16158,0.5675267045478899
16159,0.01422742978446715
16160,0.017160838671938548
16161,0.3933126340300646
16162,0.016912642309308192
16163,0.013034880879320162
16164,0.7909443505714644
16165,0.5572998794433428
16166,0.0051673918938194546
16167,0.43849437365248256
16168,0.009674664987068581
16169,0.792048008101247
16170,0.44556332866528314
16171,0.37424789303329387
16172,0.05900949619657499
16173,0.014410300714094812
16174,0.4258177636234849
16175,0.7840827380221889
16176,0.6625868987330331
16177,0.3345702551755166
16178,0.5821708923217087
16179,0.6263764869359326
16180,0.18954388122698013
16181,0.016941490020141604
16182,0.7360686227754765
16183,0.7608503497404799
16184,0.43989149757062124
16185,0.018047785541057324
16186,0.8100751895240029
16187,0.6704902761126681
16188,0.012575632748091717
16189,0.530787293664388
16190,0.770472697134438
16191,0.00579602937092371
16192,0.31456808101408423
16193,0.7806482745842792
16194,0.015793537364106557
16195,0.03642781700753918
16196,0.006333642465108771
16197,0.008853168800659991
16198,0.02737574797326378
16199,0.708978618663778
16200,0.5325488660738137
16201,0.5968694071163595
16202,0.7195089606391427
16203,0.021696417889839767
16204,0.01424286106150987
16205,0.700033885194055
16206,0.7947899343516901
16207,0.011314266452166325
16208,0.7198865525301201
16209,0.023494740452017777
16210,0.7656132512378065
16211,0.48586397668411807
16212,0.6833485569293577
16213,0.03078172626722372
16214,0.43016718340725596
16215,0.012387673650615369
16216,0.025261840811874155
16217,0.15428149046554526
16218,0.49198243179295104
16219,0.019445712274077778
16220,0.8350758243010487
16221,0.6989655990865178
16222,0.2845052193824568
16223,0.5693303054455959
16224,0.008447982474221297
16225,0.020119981549542948
16226,0.430643532550702
16227,0.8010124046482151
16228,0.020092514315386698
16229,0.006097029865083748
16230,0.007697654080725544
16231,0.5723774594463817
16232,0.5928194402074582
16233,0.32038258735257835
16234,0.27626027565318667
16235,0.4162975185595236
16236,0.7343514516398283
16237,0.892083251541628
16238,0.4933952571702399
16239,0.34314872289081505
16240,0.005309275956265271
16241,0.01854252655002673
16242,0.07724838533874688
16243,0.03483476581316566
16244,0.7538141611603272
16245,0.7914955979329823
16246,0.6158930559096196
16247,0.29702921473554544
16248,0.6758461736957507
16249,0.5680944106227316
16250,0.009708402455936807
16251,0.0949712117126449
16252,0.4049105296100151
16253,0.013787237062207204
16254,0.04583881220850357
16255,0.643997064178795
16256,0.42774769287691267
16257,0.7964657979548365
16258,0.7013889094860098
16259,0.4277353249063674
16260,0.018700876853873144
16261,0.633457686635553
16262,0.628745727052207
16263,0.08595338478092401
16264,0.8276856207664406
16265,0.024674876365735735
16266,0.9143110401690648
16267,0.004629379685850454
16268,0.010865711599615841
16269,0.6980077402329962
16270,0.019001076644959744
16271,0.24553470638456798
16272,0.7909281002425254
16273,0.3885318211380325
16274,0.01509867607774527
16275,0.6151208808934642
16276,0.026344941698472495
16277,0.5388903617522116
16278,0.5609388795332992
16279,0.05646341912525942
16280,0.5409455687763896
16281,0.9370382772474972
16282,0.7622716797503846
16283,0.4720869866333352
16284,0.6229268874209506
16285,0.7636124158524564
16286,0.10323334396808573
16287,0.06060466953636029
16288,0.5994228921093453
16289,0.4056211094887467
16290,0.5345741311381299
16291,0.030152170601233864
16292,0.004677575327874339
16293,0.003495385716324889
16294,0.6587158352070597
16295,0.5748089786627498
16296,0.011778122485133762
16297,0.8394786104049287
16298,0.6199231393332146
16299,0.003466438815137149
16300,0.07636335635060272
16301,0.711538422843405
16302,0.0165176214322963
16303,0.16393232801504226
16304,0.021513892927945855
16305,0.2990118232153359
16306,0.33193526473917295
16307,0.7823986987667053
16308,0.617194789634269
16309,0.024114523792380195
16310,0.5351359119952872
16311,0.08667035733930367
16312,0.8014550873443557
16313,0.5918135449261981
16314,0.732220706131515
16315,0.3730613437358382
16316,0.3228790984744724
16317,0.5624653072869414
16318,0.15106378575460547
16319,0.4301569791731283
16320,0.005634269118562797
16321,0.02978323183676306
16322,0.5116355105415491
16323,0.5080872296081274
16324,0.33215445549556943
16325,0.3688715996939789
16326,0.02107539802455691
16327,0.9141395240217418
16328,0.020790115566221855
16329,0.5490770731142809
16330,0.09613343702284315
16331,0.6261103425179063
16332,0.008569648115730369
16333,0.2100597178195573
16334,0.5739932405544179
16335,0.557826887179638
16336,0.3399013525445643
16337,0.4361485959975416
16338,0.04129892025369706
16339,0.028782965058855012
16340,0.4772381876069817
16341,0.54725198842252
16342,0.8646403551809044
16343,0.15446484563335672
16344,0.9162561297357573
16345,0.5948286500358893
16346,0.016580435636621493
16347,0.5615535770951738
16348,0.07187462320410823
16349,0.6309685505879545
16350,0.6003083763285892
16351,0.8547163962994284
16352,0.6020784434159684
16353,0.38915356429097503
16354,0.6493229028749916
16355,0.6601743203244747
16356,0.41694510257782785
16357,0.21319799590294128
16358,0.8655737215927555
16359,0.37106622356757996
16360,0.8384551573814802
16361,0.022476852170473856
16362,0.528898284079084
16363,0.7173106830818811
16364,0.7855348225137448
16365,0.01275080568686011
16366,0.01760674841292711
16367,0.444765999325191
16368,0.5241545449230911
16369,0.3001604665919201
16370,0.31716642220459057
16371,0.43651805459596676
16372,0.5509437372084071
16373,0.6531851454062712
16374,0.028113909827842485
16375,0.7373043604497326
16376,0.7033062881853115
16377,0.5271276103822271
16378,0.01488120509008755
16379,0.0050374713161479455
16380,0.8586987026159117
16381,0.047771825425983815
16382,0.00944334550787627
16383,0.2828668539746427
16384,0.7140811427082052
16385,0.18015955011509704
16386,0.009807426658334013
16387,0.7361729614662826
16388,0.07173940971326158
16389,0.5109662475897879
16390,0.390059851865064
16391,0.4422962926545557
16392,0.6697549057732943
16393,0.023375774044308205
16394,0.48905656894143895
16395,0.6984173541550779
16396,0.017089422785936916
16397,0.11206750397708808
16398,0.18983409598540468
16399,0.011234990114310762
16400,0.3173277385366662
16401,0.3002254578891644
16402,0.8909153713229772
16403,0.7675932325179753
16404,0.008201916956940496
16405,0.0064954704652983005
16406,0.8585515530794416
16407,0.23348788309778296
16408,0.04244899718352427
16409,0.8536603483791066
16410,0.028517229206225844
16411,0.023081743715558233
16412,0.24699218132671819
16413,0.3042826031836019
16414,0.7849393926740075
16415,0.0401046522683636
16416,0.004921697224668585
16417,0.760543420909511
16418,0.17679319727061507
16419,0.35034487164035455
16420,0.013668768883538315
16421,0.4573784670909135
16422,0.04230055868319257
16423,0.7057895474974063
16424,0.01131371252084577
16425,0.010314126764338577
16426,0.8775241150027703
16427,0.059630528421616966
16428,0.7812406192148105
16429,0.011063034716936468
16430,0.03348289321669251
16431,0.6504945411239291
16432,0.018881189246364134
16433,0.2381183372125352
16434,0.2686100877329713
16435,0.25770719786167173
16436,0.034599840101582194
16437,0.23763680311998236
16438,0.014883742640596012
16439,0.013842126776370022
16440,0.006603097044818428
16441,0.3827406265589505
16442,0.02764457933798967
16443,0.46031611312498477
16444,0.4045134179200649
16445,0.7015125593842468
16446,0.010629014708828035
16447,0.008480159727530235
16448,0.0030731167288607065
16449,0.9054697485955326
16450,0.5239202984077828
16451,0.2949326398552997
16452,0.9119073649712639
16453,0.8293910054493151
16454,0.06674207105524675
16455,0.059351449698281655
16456,0.5886348414855556
16457,0.030391885398390814
16458,0.43640756034207623
16459,0.0074513598554809095
16460,0.06808188181459947
16461,0.46330722839877037
16462,0.07023993945527862
16463,0.3407588404345659
16464,0.5635777023337234
16465,0.8739594775180026
16466,0.01585111674640406
16467,0.7448945754155424
16468,0.015367889195365544
16469,0.02336226727919267
16470,0.04328636845996777
16471,0.006403684112485848
16472,0.42491550340936796
16473,0.5105117823668841
16474,0.26546649247549076
16475,0.0158050912039107
16476,0.04554623890904779
16477,0.4934248675806146
16478,0.016998380725822524
16479,0.26660298852957703
16480,0.011993524145037106
16481,0.5610752716696041
16482,0.6706094301705059
16483,0.43396241984792505
16484,0.010228056924195154
16485,0.6115710445206117
16486,0.6417244537952328
16487,0.3234128303857425
16488,0.8172475439240993
16489,0.07281125705696044
16490,0.015305229081625604
16491,0.6596350715567301
16492,0.8931728058863011
16493,0.2972407639596208
16494,0.04565738077158222
16495,0.023998685975619855
16496,0.16910797196962032
16497,0.24052503227167232
16498,0.6762077414671284
16499,0.6059598254707652
16500,0.8378878818904333
16501,0.019267022929105773
16502,0.871202550427018
16503,0.14685608058117033
16504,0.7129066597379025
16505,0.011983498947529576
16506,0.7296642474895173
16507,0.07326398732336478
16508,0.8802833585324663
16509,0.8422941063081083
16510,0.007822804165228266
16511,0.6151216528782957
16512,0.03354389535804787
16513,0.026152640914045854
16514,0.46450959943755094
16515,0.019329634704329364
16516,0.009785697607313312
16517,0.6570273800207626
16518,0.7064521093101992
16519,0.9129535036081593
16520,0.016795540640640667
16521,0.7386824067047223
16522,0.9118257227046416
16523,0.23115164489895715
16524,0.7237719865323745
16525,0.3964784544521276
16526,0.59017289794954
16527,0.011649023228125195
16528,0.021889073766693315
16529,0.006190198159741327
16530,0.803559571741371
16531,0.5471284513811815
16532,0.3895361635451531
16533,0.023170132871878867
16534,0.5503193346490673
16535,0.6484147449223204
16536,0.02317001223237107
16537,0.679908124933499
16538,0.48960047568978654
16539,0.010251096055555532
16540,0.006825920710886417
16541,0.7738263363165245
16542,0.012527484048966241
16543,0.7330360100797434
16544,0.008000445111783773
16545,0.007386344380554595
16546,0.01819119695126625
16547,0.7074534508229658
16548,0.5869921723475399
16549,0.014215290659002098
16550,0.4337127697239875
16551,0.6330634043580416
16552,0.4187463136082655
16553,0.4353071974936993
16554,0.6180426732970343
16555,0.009537746662049625
16556,0.0987037054068927
16557,0.018782501806564687
16558,0.8618227826859103
16559,0.6484975158654208
16560,0.03878786569522514
16561,0.5730162504300816
16562,0.30770446892922565
16563,0.5293989456259408
16564,0.019257973641541404
16565,0.8570333741739881
16566,0.4706021478525149
16567,0.3478972663110012
16568,0.7645784985937276
16569,0.5022345677078851
16570,0.015557848296077927
16571,0.8000573516568094
16572,0.021795438396178736
16573,0.012819531389722522
16574,0.006306918749720848
16575,0.3068592487620933
16576,0.796095000632398
16577,0.011953967168440102
16578,0.38963680123142275
16579,0.003647141757894949
16580,0.8854721913007022
16581,0.012798478449921115
16582,0.637714517594783
16583,0.6112886029177467
16584,0.018022932565351413
16585,0.025460306255580586
16586,0.6667949536504737
16587,0.016293196958103044
16588,0.044536198780879416
16589,0.5848088687328847
16590,0.2768165794645019
16591,0.003114968774374303
16592,0.5571408065074612
16593,0.00443399847978104
16594,0.5029812387178922
16595,0.7198203932558417
16596,0.5473345675791893
16597,0.01058262245504793
16598,0.010571273270340919
16599,0.5890647962637646
16600,0.7174116157036402
16601,0.833114253995037
16602,0.4984841054212039
16603,0.8835634959470209
16604,0.02413458485123951
16605,0.020723800911485624
16606,0.7067720939219566
16607,0.3785503765585811
16608,0.6953911288285336
16609,0.15993905771622163
16610,0.012416937983628785
16611,0.6830863090830764
16612,0.5367761155778983
16613,0.0036296799249949407
16614,0.7520080603447511
16615,0.019788850471925745
16616,0.0165929605964479
16617,0.6532962401367078
16618,0.045183793653376096
16619,0.8662685592613089
16620,0.1335911977170784
16621,0.597336607723957
16622,0.1412016508378453
16623,0.1043282907245411
16624,0.3940000527469724
16625,0.6985773631685078
16626,0.008143066860123898
16627,0.007940842236419828
16628,0.011611335359207917
16629,0.6822091062698454
16630,0.07788362987986933
16631,0.23841096420577904
16632,0.15366316515792242
16633,0.7420556102272613
16634,0.6052444677206089
16635,0.9035265665980156
16636,0.7118917866545894
16637,0.31351865097072096
16638,0.05195372929551655
16639,0.17888081442666343
16640,0.8291888369160009
16641,0.005892794421884372
16642,0.3554800458898636
16643,0.004135722915839544
16644,0.33631985284885996
16645,0.7219433344054902
16646,0.018089214106239274
16647,0.9286736641126263
16648,0.6911730447894638
16649,0.5479115961080284
16650,0.02298666471673768
16651,0.4023466115456733
16652,0.7128233817159657
16653,0.06835788092266178
16654,0.12001604572903439
16655,0.0498709049912601
16656,0.021756795223365225
16657,0.6242052595835974
16658,0.8618419478834404
16659,0.7877180826471488
16660,0.515095848338253
16661,0.6019313530604288
16662,0.4539402254059416
16663,0.6005892318369445
16664,0.14866831759224344
16665,0.8133227264809576
16666,0.19741871104828454
16667,0.8759926820715505
16668,0.772744566053776
16669,0.01906635400487465
16670,0.8100611194166022
16671,0.017148996016249137
16672,0.6950435787793408
16673,0.06405485970365803
16674,0.3647077707434029
16675,0.033742745379632566
16676,0.29847257114291137
16677,0.7888289672554236
16678,0.7341721058181576
16679,0.623201539888465
16680,0.5136502712663698
16681,0.44299829887990094
16682,0.4687852143786992
16683,0.02738895854098802
16684,0.6835128653979543
16685,0.4609666366037551
16686,0.6059674087771317
16687,0.012173201360298935
16688,0.05454156091029482
16689,0.4547415635805432
16690,0.9159333915846318
16691,0.8365343719686568
16692,0.33066463954795106
16693,0.6327800093295878
16694,0.6860466052433041
16695,0.035231134085371964
16696,0.006967385844668949
16697,0.6881135036423361
16698,0.03174200980348076
16699,0.004207094104174148
16700,0.02097985524088369
16701,0.5085757076136179
16702,0.010668295539090223
16703,0.014193811570134393
16704,0.055341016896288904
16705,0.273017603106457
16706,0.7986230167217765
16707,0.004523325124003377
16708,0.005923249374585618
16709,0.5043484712701284
16710,0.6230442102097107
16711,0.35542403717154364
16712,0.2968289469427213
16713,0.05186743113088646
16714,0.01877004163557055
16715,0.7944753588179373
16716,0.7480045643256865
16717,0.3929274946226851
16718,0.4440325268329017
16719,0.006411305716102751
16720,0.6855924506688041
16721,0.5351942277780437
16722,0.8594653382216103
16723,0.016068231997310237
16724,0.6138930691121074
16725,0.6432000666690597
16726,0.01805694974972901
16727,0.6934640079532132
16728,0.4277547977698215
16729,0.02815139238439562
16730,0.49384524959847687
16731,0.004991167377724857
16732,0.025272902215281636
16733,0.02266665128725713
16734,0.6300338500990876
16735,0.28218478330588315
16736,0.2858515738701174
16737,0.2821161339365614
16738,0.7497200587425058
16739,0.7729073551451291
16740,0.8248565627003436
16741,0.018508401963052742
16742,0.012903333507251756
16743,0.6908715819801895
16744,0.4457403347273809
16745,0.9009281272280609
16746,0.1947421418854151
16747,0.06721212646556467
16748,0.6270393396492915
16749,0.3881682047056652
16750,0.677359286983767
16751,0.7154341343822813
16752,0.5049017679111855
16753,0.13544923444245213
16754,0.0072534341041697635
16755,0.08230734021153506
16756,0.06340077912092243
16757,0.8228645130957908
16758,0.4767494603856546
16759,0.2817308342533832
16760,0.20366315249440312
16761,0.03126321230986465
16762,0.019838558573079413
16763,0.8326796973854719
16764,0.02428643232315222
16765,0.7073522213624397
16766,0.4182002224421893
16767,0.016600176067687846
16768,0.5187999707482199
16769,0.8741628577876278
16770,0.7319737114626058
16771,0.6175261405547063
16772,0.30202945901975686
16773,0.03947381257803456
16774,0.43935535450789365
16775,0.25625914978524406
16776,0.741568730080915
16777,0.01773676614198568
16778,0.40588876681443453
16779,0.6718822521333531
16780,0.7373221678068097
16781,0.14269656706390774
16782,0.6861382037270332
16783,0.8636389781519549
16784,0.4874039855849189
16785,0.5347794552339745
16786,0.8909277244309066
16787,0.4595915087487225
16788,0.014166792560637461
16789,0.028390085885042646
16790,0.49451595898893513
16791,0.4525845272190593
16792,0.005702535484806418
16793,0.09107765812501845
16794,0.0488251750367299
16795,0.6830208472911923
16796,0.09716767745493013
16797,0.5871800853651243
16798,0.012012184543985472
16799,0.6715164441610281
16800,0.9095969127793638
16801,0.009695900888203293
16802,0.27392130833570993
16803,0.4843487812966762
16804,0.021984529674284287
16805,0.01398258717751204
16806,0.8906469326772248
16807,0.9111515376847685
16808,0.25901241162001526
16809,0.6488724946216461
16810,0.5382525071881316
16811,0.6243916312633652
16812,0.020505243194937177
16813,0.23637474424240368
16814,0.029805819022695933
16815,0.26093624314185415
16816,0.863412084708055
16817,0.49713139028464687
16818,0.00938571177082204
16819,0.6198496383961027
16820,0.3745518925608349
16821,0.7482979491413934
16822,0.7690494529103649
16823,0.24668344464775896
16824,0.02831642362690277
16825,0.1027842482803105
16826,0.4321692834782305
16827,0.042481563212809575
16828,0.7562574149951292
16829,0.018733947590793776
16830,0.011103616043263485
16831,0.18993565858871927
16832,0.8450311670398672
16833,0.5085637584578838
16834,0.5849373478432525
16835,0.5404580683029296
16836,0.01974913047046072
16837,0.6764692586662732
16838,0.7981573431746155
16839,0.89672925665051
16840,0.4985039993072549
16841,0.7652163896005851
16842,0.010137975297514808
16843,0.8259420132746247
16844,0.08238828555581158
16845,0.017692253187418926
16846,0.02553144849523696
16847,0.01581474135041008
16848,0.049034992081825136
16849,0.3639070825107991
16850,0.5567304457273295
16851,0.017437912493765802
16852,0.7785713334480358
16853,0.8843919032572581
16854,0.44455387446328143
16855,0.4818985515160484
16856,0.2733383323595065
16857,0.005095642380004643
16858,0.6836108861897009
16859,0.5851133688654642
16860,0.5207351080018104
16861,0.019033898836859228
16862,0.04024362284853748
16863,0.041774668503746906
16864,0.2630058626916783
16865,0.7969508387761182
16866,0.602035285854844
16867,0.003820202914910641
16868,0.09403953054488103
16869,0.011436142162414347
16870,0.6692525724266121
16871,0.04784650885388684
16872,0.01585417953286718
16873,0.009537372688554525
16874,0.014649669626916145
16875,0.5204691765863699
16876,0.027416354264895644
16877,0.39448634425314705
16878,0.00820455078309326
16879,0.06653041130942362
16880,0.8441664740790817
16881,0.5345404981082931
16882,0.006213519649722843
16883,0.6109146154082893
16884,0.6368545374698683
16885,0.511806223394249
16886,0.6872288872027639
16887,0.4732338605721539
16888,0.7674264235088537
16889,0.7961121976617797
16890,0.5994361606304371
16891,0.6524197614670734
16892,0.8710449287038711
16893,0.03770051434608526
16894,0.8334890286297129
16895,0.337009782635817
16896,0.020506248188844552
16897,0.2935453809672056
16898,0.6251490218977633
16899,0.01090553049180725
16900,0.44429388912504114
16901,0.48256570616736916
16902,0.7897165529734977
16903,0.010157313260311563
16904,0.577571546468816
16905,0.443478617679001
16906,0.9071044208389348
16907,0.5060156177483731
16908,0.8104656966081039
16909,0.599408998418269
16910,0.017533574613414763
16911,0.8905854324441227
16912,0.7877736206090287
16913,0.6617018770452672
16914,0.09024473355904913
16915,0.02325652372559076
16916,0.027691412871396634
16917,0.7848946434531529
16918,0.4828037392879504
16919,0.07404321683481782
16920,0.813054117312136
16921,0.04596494471702521
16922,0.05606602418263398
16923,0.013197600287469588
16924,0.17942226483586537
16925,0.014108029154227543
16926,0.7800066548548048
16927,0.14372217368453477
16928,0.19054758004003822
16929,0.07817997889530333
16930,0.7157162844040318
16931,0.29773780447149933
16932,0.5197693023535218
16933,0.015648953199715657
16934,0.16494124343012648
16935,0.007952559048680367
16936,0.5992749029724984
16937,0.4118264647629674
16938,0.013784445886623876
16939,0.01058084426845475
16940,0.7963947069744035
16941,0.022917631455455202
16942,0.5902281897680953
16943,0.5295105131844956
16944,0.8453143734508508
16945,0.9023049476086308
16946,0.8283918677726233
16947,0.6796669865801085
16948,0.8990507263983817
16949,0.2911043762791877
16950,0.6724712089515817
16951,0.8939407851690682
16952,0.01424971411083116
16953,0.2914290411989486
16954,0.01156272917273963
16955,0.6679068443113341
16956,0.03164910223788532
16957,0.09953218200797469
16958,0.32297302858172083
16959,0.3732587839446423
16960,0.005136390707809743
16961,0.023840812621861534
16962,0.004335167766402733
16963,0.5654742012295183
16964,0.6082868705264212
16965,0.448484133782207
16966,0.8635169362556695
16967,0.3168749574817017
16968,0.6955264232069834
16969,0.021867843981364755
16970,0.42251005012698
16971,0.019082274535913255
16972,0.6852528660578511
16973,0.8011669350766165
16974,0.022186530612463885
16975,0.5112815784575143
16976,0.03195352603741534
16977,0.7715665333221123
16978,0.8101937930732641
16979,0.28171180605099116
16980,0.9307275954196577
16981,0.00948450686008334
16982,0.03148132834574993
16983,0.3296388415267925
16984,0.15355982277813512
16985,0.18611830168444304
16986,0.0035205049350255447
16987,0.26400661444453716
16988,0.45158955992706507
16989,0.0163964883754087
16990,0.703431624264986
16991,0.349405777140587
16992,0.6562623417106037
16993,0.6146119795036138
16994,0.6721949837948559
16995,0.004765548466012411
16996,0.02059317383606274
16997,0.010929768396367364
16998,0.328593053824178
16999,0.021094553304337446
17000,0.5673887137542262
17001,0.7379492647329537
17002,0.5900176050600762
17003,0.4072105390844584
17004,0.03310814345612581
17005,0.2593151232787844
17006,0.009885428764628994
17007,0.7664787412982754
17008,0.01788739162357441
17009,0.02222893542166757
17010,0.9431080262957006
17011,0.40150090883230394
17012,0.6774211385051622
17013,0.7068143947745325
17014,0.014308248129398638
17015,0.0307042253571129
17016,0.8202527315034456
17017,0.45690072436548046
17018,0.00835455026004095
17019,0.07295915126035883
17020,0.003165851108766565
17021,0.1478971035666386
17022,0.3848106433878397
17023,0.5237286431418365
17024,0.016858960279383977
17025,0.010821421840240049
17026,0.008129884125548709
17027,0.4032433925251226
17028,0.01206116925874287
17029,0.07120964887239505
17030,0.014194503111529339
17031,0.7127472275208203
17032,0.3504835931470928
17033,0.9527458683420017
17034,0.8516582729506976
17035,0.8952127010032649
17036,0.03154267215575634
17037,0.01937500610656487
17038,0.3355547288264586
17039,0.7079140022116848
17040,0.015403411024798802
17041,0.002834284251241991
17042,0.01048476869198126
17043,0.0289160886213237
17044,0.0073778000688289255
17045,0.02473462383433033
17046,0.004767609686600386
17047,0.507995677279159
17048,0.8130328341325965
17049,0.35549775785417054
17050,0.026654512665140892
17051,0.03015421684378826
17052,0.8682746243507263
17053,0.6968986569759914
17054,0.0954168539188308
17055,0.012146900551145359
17056,0.5750954170194748
17057,0.6616738732758178
17058,0.017808181990802613
17059,0.010298067821681566
17060,0.4180347583868864
17061,0.6022669117918201
17062,0.04381102482980756
17063,0.006928267386141818
17064,0.8837403399252414
17065,0.7602481797360084
17066,0.011190079115645296
17067,0.024163098093258062
17068,0.5709449567479706
17069,0.004509299468441293
17070,0.6801341351046654
17071,0.7501593578761175
17072,0.012275956533048514
17073,0.007121886014439805
17074,0.38717644594417716
17075,0.009559097196994121
17076,0.5709298049186562
17077,0.7245665340061823
17078,0.004700427842039211
17079,0.0019492321775943216
17080,0.02452763704553939
17081,0.49270011034812305
17082,0.27390696342446025
17083,0.7874363866893194
17084,0.6299693518644278
17085,0.009016099287126936
17086,0.01399765123505436
17087,0.005975499211789551
17088,0.004969106698189598
17089,0.6681469178358888
17090,0.14291682154672675
17091,0.026605980219829673
17092,0.07294110078868496
17093,0.010926964395754229
17094,0.8772830306656679
17095,0.01566206136940958
17096,0.3007621284829802
17097,0.401754333588332
17098,0.2696549632106174
17099,0.32772606363286083
17100,0.4793324761391289
17101,0.4645487356905499
17102,0.01673397525808682
17103,0.026514492701636187
17104,0.044463350490846744
17105,0.009791008219879962
17106,0.5154533874425201
17107,0.7286613786769902
17108,0.8553189447662831
17109,0.8383566551846628
17110,0.7639136445094497
17111,0.12071504750746537
17112,0.00954834042357219
17113,0.07463856931232297
17114,0.7970111346527691
17115,0.01718142665316772
17116,0.006941033271338642
17117,0.03269687667841142
17118,0.3932382435587316
17119,0.3811922049140986
17120,0.4703974410230056
17121,0.036225726392378275
17122,0.22924770074353076
17123,0.4559262177865664
17124,0.603117125392022
17125,0.3028448588477035
17126,0.01627734694237271
17127,0.022905442449966274
17128,0.8488694045378162
17129,0.04646448314830047
17130,0.7557999610075867
17131,0.5420921964387472
17132,0.7080297559669555
17133,0.5190747942803982
17134,0.5073301580185947
17135,0.479941422303842
17136,0.0576118287172702
17137,0.30168156211251834
17138,0.025592116145937975
17139,0.4814135851476673
17140,0.021582661969822777
17141,0.6925397602726135
17142,0.6526395772115309
17143,0.6349497570200525
17144,0.6985440334603263
17145,0.01896906710329245
17146,0.836942729383339
17147,0.6913273721029252
17148,0.6966418276194473
17149,0.27343369900285414
17150,0.9244913984950863
17151,0.7780179400214382
17152,0.3249485214545239
17153,0.33247457058784147
17154,0.587856054512367
17155,0.6123291221568999
17156,0.01036336173349039
17157,0.14239667740545645
17158,0.04170610126914038
17159,0.7457992545038511
17160,0.0037180935961856837
17161,0.1164876942154296
17162,0.017651792260098702
17163,0.5015950018410549
17164,0.048610996034364695
17165,0.007554345538958562
17166,0.5208568941582272
17167,0.5787062988795494
17168,0.7804066666876283
17169,0.41901203617415267
17170,0.03137387902945919
17171,0.5227828258349724
17172,0.34943143045155217
17173,0.012271162050959268
17174,0.35222413195492613
17175,0.8471183799191011
17176,0.5767283117158556
17177,0.44605824352001255
17178,0.03410949754468743
17179,0.24568949691569378
17180,0.8950410238785492
17181,0.002896764803877348
17182,0.32961077512241316
17183,0.4134433681862997
17184,0.6303767102981109
17185,0.49000575934078267
17186,0.34181537143821233
17187,0.19127457797282596
17188,0.23855761759671235
17189,0.5085180777692795
17190,0.5520320965058857
17191,0.004555850467258378
17192,0.8369206411331815
17193,0.03739881579115179
17194,0.029933641425634292
17195,0.0070219946664052775
17196,0.012408878039679364
17197,0.7287857600654865
17198,0.8512815265091911
17199,0.0033671876745456136
17200,0.7771839298329958
17201,0.43347181723049055
17202,0.008683985713761118
17203,0.5842085677368551
17204,0.24814298143440014
17205,0.612857597562099
17206,0.03499542426456704
17207,0.5253009077306019
17208,0.01701429279781533
17209,0.00768065279706694
17210,0.013550557031749599
17211,0.7757552961826952
17212,0.8831905897359483
17213,0.3783897204474145
17214,0.6259407685371349
17215,0.27815099082586425
17216,0.6122018144208768
17217,0.591698647140031
17218,0.008852220566223626
17219,0.8308590173545758
17220,0.8316142534222699
17221,0.8182341917185073
17222,0.7862495267516283
17223,0.8301449336687172
17224,0.8312872345191284
17225,0.009713403706174373
17226,0.058816206478519414
17227,0.3666679503848326
17228,0.656282777692149
17229,0.022760113914383182
17230,0.857515169472544
17231,0.13390141161699926
17232,0.8363245372474651
17233,0.004706308826769628
17234,0.828512557568542
17235,0.8181422654465077
17236,0.539567467247267
17237,0.42429584419455973
17238,0.02334120482958899
17239,0.6888659417689342
17240,0.5486423479321437
17241,0.8715816093713233
17242,0.9411462347821354
17243,0.655932963590702
17244,0.8180220555706538
17245,0.7415464126252389
17246,0.47424471232667237
17247,0.7703774126009212
17248,0.3679711265020269
17249,0.7481878187144272
17250,0.022976446668967157
17251,0.46453303452325034
17252,0.6366525717415071
17253,0.6739704708186495
17254,0.3283572912470773
17255,0.42922062871145344
17256,0.048931716592987014
17257,0.0036916736207451965
17258,0.5849345158254312
17259,0.9398853090476016
17260,0.1457457471097474
17261,0.03424578685129971
17262,0.12836110284680582
17263,0.6301698284605061
17264,0.5228896310082266
17265,0.3021062765961443
17266,0.025521375610314125
17267,0.15182579344916805
17268,0.030061406507792134
17269,0.017773212631312006
17270,0.5131036981897719
17271,0.3403281015760323
17272,0.22731405913212943
17273,0.8067357392212834
17274,0.3519509428103312
17275,0.013166921060856051
17276,0.29075357827185466
17277,0.5009588086543871
17278,0.035727881886755304
17279,0.8054904440943246
17280,0.01504297220940522
17281,0.17633000364949875
17282,0.005148000723764076
17283,0.25367099971899437
17284,0.03216485518042938
17285,0.010495111282462107
17286,0.8678696969637437
17287,0.6494702185497726
17288,0.5800200737443453
17289,0.5990323812670517
17290,0.6380285895538097
17291,0.5537767869887648
17292,0.366794051503521
17293,0.156496289355625
17294,0.6640569391305665
17295,0.011653352625330293
17296,0.006361263823005628
17297,0.779418488971248
17298,0.5444621248941602
17299,0.6081161784536963
17300,0.010109129056850186
17301,0.5563211430654725
17302,0.604956707001905
17303,0.007303171312246672
17304,0.6515549748216458
17305,0.6630366395115938
17306,0.32564255680720494
17307,0.007485986981368571
17308,0.048423598158440474
17309,0.02779232775322031
17310,0.003553852907851088
17311,0.009335090712703132
17312,0.00910585275362112
17313,0.6984146394356605
17314,0.8072622598301381
17315,0.004554080010019837
17316,0.6864654246927445
17317,0.011013171131622297
17318,0.4765208490012143
17319,0.014194247055096247
17320,0.3814698574780461
17321,0.23003431119755005
17322,0.5218269585130716
17323,0.7118945196820635
17324,0.8717654097314448
17325,0.019058257228761595
17326,0.015288891701693914
17327,0.2757918065825807
17328,0.724765494573781
17329,0.01622629451574736
17330,0.11732810561978381
17331,0.5466205414168468
17332,0.003353351064599159
17333,0.014902203974863122
17334,0.01259154010918871
17335,0.04580602493191588
17336,0.8539027065179615
17337,0.90774852937597
17338,0.04765644973254552
17339,0.4332692089105703
17340,0.8397836143957126
17341,0.851946224116467
17342,0.5779423843781912
17343,0.8417751283791424
17344,0.0028565875252117828
17345,0.6236325805848835
17346,0.8601183528193936
17347,0.7664549171482975
17348,0.8584206536881762
17349,0.03035218948384244
17350,0.029195430650955576
17351,0.009775782287643654
17352,0.6369499272634613
17353,0.6594659353408969
17354,0.17493707867854005
17355,0.6815271823243372
17356,0.6908463636533121
17357,0.9502307261409868
17358,0.34137724132319863
17359,0.018609957245319796
17360,0.16394373802582232
17361,0.01651873470196275
17362,0.30032683475616073
17363,0.6195560325916423
17364,0.3721017159288786
17365,0.05167625719777803
17366,0.34947309107914243
17367,0.009269135865680877
17368,0.28901080293256437
17369,0.4478829454641974
17370,0.6571838193094351
17371,0.5201283389029608
17372,0.6300261676432002
17373,0.8394820144560198
17374,0.3114105557555427
17375,0.7610891013660567
17376,0.6898257187208432
17377,0.797256423299958
17378,0.011017534476172463
17379,0.8882956535941765
17380,0.020813387809867454
17381,0.11415352743243433
17382,0.04931951735903378
17383,0.6531390444659613
17384,0.5768822994010809
17385,0.6698811811128155
17386,0.46481610528652867
17387,0.010538024840842848
17388,0.5030116828649835
17389,0.5482509732291717
17390,0.25897713293972446
17391,0.005399611697300128
17392,0.013161584304227314
17393,0.00607823766866382
17394,0.44155213980215924
17395,0.02778859815693308
17396,0.019738378254609095
17397,0.005135357542247887
17398,0.6690062036469462
17399,0.5173070604360008
17400,0.012006673403320487
17401,0.04925848359670178
17402,0.003818056818087392
17403,0.7405010925231759
17404,0.7577270997731166
17405,0.5188775226068112
17406,0.24358643983981357
17407,0.7953802149566096
17408,0.025851876227938053
17409,0.4327739194618848
17410,0.024642931683927886
17411,0.8219290160909343
17412,0.8415864739138106
17413,0.7668130454331
17414,0.033083227341977335
17415,0.6019814948077915
17416,0.4140046726339781
17417,0.019023935624338392
17418,0.33155744471201126
17419,0.4125530057504584
17420,0.7520705759892283
17421,0.1347720834953392
17422,0.03346101689387876
17423,0.26564103949839807
17424,0.42124187170501204
17425,0.5380577861519418
17426,0.041599478331105666
17427,0.5374463468470414
17428,0.6465162352425781
17429,0.8810167311181424
17430,0.6359810858156887
17431,0.09472580151485019
17432,0.8756037225212756
17433,0.14935228898142278
17434,0.4626447222357001
17435,0.004989502508299027
17436,0.0582622948780388
17437,0.3823861598364787
17438,0.41968850596654456
17439,0.0048981559765061584
17440,0.04767059815867736
17441,0.0438855498396372
17442,0.018952819304068124
17443,0.6241628680581669
17444,0.09181170331312592
17445,0.28592515848728695
17446,0.7026789198104835
17447,0.04639606041641745
17448,0.13491234910712344
17449,0.6918692831148754
17450,0.4661624228759283
17451,0.024952509554106148
17452,0.335609359075427
17453,0.46532096167528847
17454,0.013383968064476812
17455,0.7495869382155727
17456,0.820908578410991
17457,0.8353800799583652
17458,0.7597333517419147
17459,0.048088102643895875
17460,0.6629237575037007
17461,0.0186130634892572
17462,0.7055723263397368
17463,0.008100677384556663
17464,0.0082748911791333
17465,0.5550384502808313
17466,0.032067523166265016
17467,0.5990723429505795
17468,0.003935243607711538
17469,0.7128597931580325
17470,0.2605488632852171
17471,0.23787796534696193
17472,0.008918018127287779
17473,0.603966149027773
17474,0.3741966182548247
17475,0.014445595524386165
17476,0.6335650798707229
17477,0.017613101392363696
17478,0.5321645054541775
17479,0.003011955138755942
17480,0.013836901200348271
17481,0.026148669172719907
17482,0.8608208643498946
17483,0.03308062803021989
17484,0.014607688735783036
17485,0.7234299341614623
17486,0.026839775185246682
17487,0.874685913641535
17488,0.6632823914451893
17489,0.8308807584221723
17490,0.03569185700776201
17491,0.6340291744504373
17492,0.4638798001278231
17493,0.18699107148768312
17494,0.8012807928237498
17495,0.4089411107784489
17496,0.8823589866880965
17497,0.7577331479647109
17498,0.022078804520001553
17499,0.032312115524945326
17500,0.7882477657869426
17501,0.5307698078799589
17502,0.009684800047799445
17503,0.005013578161476788
17504,0.08407986400409934
17505,0.2655898799442704
17506,0.018327390094343442
17507,0.30620004689713926
17508,0.3906539508948565
17509,0.019045736033493414
17510,0.0070909173826808215
17511,0.023814960984629967
17512,0.6042798353929889
17513,0.8085809023632173
17514,0.5126594445694402
17515,0.06767838471088776
17516,0.713814544869017
17517,0.4095952729870504
17518,0.7678117872055845
17519,0.013984578682439783
17520,0.04811815465473919
17521,0.011532812839426872
17522,0.21638354438831417
17523,0.08183006123054325
17524,0.4188953443834127
17525,0.022537723459780046
17526,0.5711158759495398
17527,0.3591373296238604
17528,0.0907893860196661
17529,0.7684638218400903
17530,0.03845917227165436
17531,0.006984416310643688
17532,0.6989814134037396
17533,0.01793029025498103
17534,0.30246704430987126
17535,0.7317341297459002
17536,0.620886427651731
17537,0.014254919229251687
17538,0.005036876434683701
17539,0.0069811268782749855
17540,0.5216556055547273
17541,0.006334695418068411
17542,0.7860393910127079
17543,0.7297397803658652
17544,0.4274572485869045
17545,0.0036108819131036333
17546,0.7251883865912397
17547,0.7128028147910038
17548,0.7488275014411969
17549,0.21849998391252504
17550,0.008483912651051938
17551,0.7406481447290524
17552,0.018878822993963977
17553,0.7910133331011263
17554,0.7676032644290213
17555,0.670724871628508
17556,0.2796218632804313
17557,0.4098470608293911
17558,0.013577093296936214
17559,0.47323356590249266
17560,0.7866962578389877
17561,0.22227353210397258
17562,0.22981831379566425
17563,0.8064199647653174
17564,0.40300868932387945
17565,0.46322796811840433
17566,0.0034535292876924726
17567,0.014668029825911035
17568,0.6336160837042746
17569,0.0048606376120750895
17570,0.9265229751827964
17571,0.8291350093022809
17572,0.6385073453000389
17573,0.7172456443942732
17574,0.6531205944487963
17575,0.2597046739550374
17576,0.6732047634438207
17577,0.8027526170822058
17578,0.5818062327934482
17579,0.5649729144162582
17580,0.056881506996266845
17581,0.4548593724495194
17582,0.011868798194675715
17583,0.36263652750702535
17584,0.07968305644599613
17585,0.7691212832220428
17586,0.25630874637963025
17587,0.008620816493396471
17588,0.4748136134221886
17589,0.23700543185847073
17590,0.0033029304823972132
17591,0.5707350291473002
17592,0.6692277621608763
17593,0.8408163138059301
17594,0.00599063213223536
17595,0.012167069282806706
17596,0.03153045456511025
17597,0.3851495728335475
17598,0.8996691413669714
17599,0.6810776458337375
17600,0.01644134489209106
17601,0.042915319663022485
17602,0.455604634395962
17603,0.4816383806947563
17604,0.23700371016416136
17605,0.40362166833810764
17606,0.554403458029715
17607,0.878162917582784
17608,0.022330519559627136
17609,0.017622068632552175
17610,0.006383678886792531
17611,0.04689347951820659
17612,0.3942855731362877
17613,0.6147120224478583
17614,0.23183835457965773
17615,0.1715876929195879
17616,0.013608995081487257
17617,0.6437078897514759
17618,0.2920894321914917
17619,0.022322834747215296
17620,0.4713388893667536
17621,0.05386111533832468
17622,0.6044276319835274
17623,0.9401371930938729
17624,0.4493688202800284
17625,0.04617974035600884
17626,0.07799771467962942
17627,0.012544119919566816
17628,0.33169494199994015
17629,0.06784012416366747
17630,0.4508074631106669
17631,0.45125177496297963
17632,0.004371759133578419
17633,0.45407073268378123
17634,0.5130945457124337
17635,0.3897108977288552
17636,0.5132246285386449
17637,0.17327166315472367
17638,0.015872628322310615
17639,0.7506452052638741
17640,0.016618035340084904
17641,0.6449771776824508
17642,0.3274210869888337
17643,0.012897160018313083
17644,0.686791064814178
17645,0.0041847950516842305
17646,0.8364224872966303
17647,0.0035297370904974553
17648,0.10621977068597449
17649,0.8745426576780628
17650,0.5536001027058675
17651,0.005105693740083537
17652,0.06562108466679753
17653,0.6276086440079615
17654,0.01622423466721012
17655,0.5188017115939064
17656,0.007104551633413069
17657,0.8353416209683034
17658,0.6008514644884648
17659,0.011988993019553628
17660,0.013838548604565548
17661,0.267420576167508
17662,0.007289116371722786
17663,0.022850944476838407
17664,0.13715105400752423
17665,0.3404599233111253
17666,0.004719737796971662
17667,0.004379805492980399
17668,0.017362346127952368
17669,0.01941477877040013
17670,0.016070575233989654
17671,0.8422611937051054
17672,0.6330887335743203
17673,0.7110959059410452
17674,0.3317084883159848
17675,0.00544741075174738
17676,0.0038637404324957433
17677,0.09439223532099078
17678,0.016492755864610503
17679,0.008264088744640814
17680,0.006297216320302346
17681,0.004770272279019001
17682,0.00614729831342595
17683,0.023622936679866976
17684,0.7400959971948642
17685,0.011532713844180885
17686,0.033578189901804084
17687,0.1545810929530595
17688,0.024411026059412515
17689,0.6965933345987879
17690,0.5546004375828656
17691,0.5935172177814471
17692,0.8735828899068204
17693,0.15702827902216213
17694,0.025261253435170623
17695,0.014841200980687223
17696,0.7191193656587124
17697,0.7748931877212082
17698,0.008863648562056627
17699,0.010271072310142338
17700,0.6426015170425297
17701,0.895577957370392
17702,0.46020072029946446
17703,0.07911082397800859
17704,0.4594563853001652
17705,0.04126122228936217
17706,0.010861471245067247
17707,0.791043915414244
17708,0.04508575613596735
17709,0.03836406787317113
17710,0.600529146900564
17711,0.011810703531133395
17712,0.014608863917471175
17713,0.6122498999866853
17714,0.014726830995882144
17715,0.03364410784008452
17716,0.6194021232172735
17717,0.40357570614074895
17718,0.022461121456709737
17719,0.2585314729483798
17720,0.8519174435347135
17721,0.5113437100739066
17722,0.4146374305355674
17723,0.0077355751939961505
17724,0.7402242494313522
17725,0.288168416761846
17726,0.25034043000618106
17727,0.41041859703015593
17728,0.026240190540291225
17729,0.00796941068961932
17730,0.7641337310673563
17731,0.707616284169362
17732,0.8027657232082347
17733,0.02314326866876502
17734,0.5468557392348595
17735,0.8437763373224929
17736,0.6778661385764609
17737,0.018015148059469233
17738,0.009270230618601275
17739,0.014055519267677018
17740,0.5044251451454198
17741,0.6816943489616349
17742,0.6125969670573533
17743,0.0032742253151173805
17744,0.8002445239619487
17745,0.3261397057006946
17746,0.007062618434200379
17747,0.33444070512021895
17748,0.8104486082202458
17749,0.0048367614731592914
17750,0.027582976187055328
17751,0.02489154075796189
17752,0.3755072511563536
17753,0.5928967325718488
17754,0.6851203875753441
17755,0.6599047543538565
17756,0.05348107260715305
17757,0.13611897565331835
17758,0.6068207678004196
17759,0.028226557439564204
17760,0.7574171562118052
17761,0.012612094587141623
17762,0.044728291255776716
17763,0.8553768981504765
17764,0.43582907247021546
17765,0.6573300217543435
17766,0.5822367525053556
17767,0.022546107347469965
17768,0.5888203862797816
17769,0.7160525521561861
17770,0.035610496455079736
17771,0.005680489843901067
17772,0.7521642156750478
17773,0.6699405083489475
17774,0.5755443015832682
17775,0.41035732473649883
17776,0.7875218718806992
17777,0.8450597794974328
17778,0.4330437253438348
17779,0.836329450658637
17780,0.6174223672832561
17781,0.011990359210733551
17782,0.21983110130258196
17783,0.36871008193953486
17784,0.8917543433803735
17785,0.40797690524548663
17786,0.7930154233747704
17787,0.3902677953523116
17788,0.5074835750698995
17789,0.6322509437846525
17790,0.76439679214667
17791,0.02000177228863485
17792,0.7508317707621118
17793,0.010431513397308582
17794,0.08089468302552037
17795,0.5824746967928714
17796,0.7423869199838768
17797,0.6683539153380226
17798,0.004039845448929573
17799,0.5570029861815651
17800,0.08699553304318193
17801,0.7712319115970591
17802,0.45311066720815996
17803,0.8143912862291727
17804,0.7126152407486989
17805,0.42869709990050986
17806,0.5764728928252566
17807,0.5613401998708957
17808,0.9051724918466934
17809,0.8539030598253633
17810,0.19391905071688972
17811,0.9176361867369448
17812,0.739421130781252
17813,0.48235103281125263
17814,0.2721152355900177
17815,0.6877245931413799
17816,0.009141286867769887
17817,0.6626841406431606
17818,0.3887436324013188
17819,0.02028914172602368
17820,0.757751490755497
17821,0.7505739469966078
17822,0.576809307035087
17823,0.5070721739379734
17824,0.017217135603981137
17825,0.009672818087263786
17826,0.6597998482903292
17827,0.47300108197382673
17828,0.7506784707954446
17829,0.015270496166796599
17830,0.024036685064469272
17831,0.02753200675964949
17832,0.005049688021489475
17833,0.756750373826648
17834,0.029859318745179747
17835,0.7578090603017261
17836,0.9493565942907387
17837,0.019143362179127786
17838,0.6507930869026537
17839,0.6140466047019225
17840,0.6975604976072487
17841,0.004224695023187796
17842,0.023188559256201714
17843,0.012333131439134727
17844,0.8102323051674701
17845,0.019224576236021407
17846,0.009242386134259678
17847,0.04555226677786699
17848,0.38012233741929363
17849,0.7025597620967329
17850,0.25800709843949904
17851,0.3342285643558948
17852,0.0074692253254048996
17853,0.5543678259550425
17854,0.14901879938568832
17855,0.003567299241391532
17856,0.005702393562034321
17857,0.8923406764188908
17858,0.003562769563097613
17859,0.6793786638192773
17860,0.006589534999020768
17861,0.2682149943972327
17862,0.04343849331848348
17863,0.23710553363009582
17864,0.49388462746876055
17865,0.013796481160167079
17866,0.3295108820864836
17867,0.7729971881954462
17868,0.6486969939716365
17869,0.1998783644472749
17870,0.011821447398478608
17871,0.3208435149986451
17872,0.7952869916925431
17873,0.7016296635097149
17874,0.5431364990948477
17875,0.39027099594119247
17876,0.02492215255297138
17877,0.016222091989107214
17878,0.0075925561328083835
17879,0.7856722069427039
17880,0.6952269118633346
17881,0.7926595056809228
17882,0.017497851001942455
17883,0.025215549766044867
17884,0.90567513336763
17885,0.5247452031955261
17886,0.08272043205161682
17887,0.025489728620639474
17888,0.7441934962030954
17889,0.5437556970903911
17890,0.0046955085088641576
17891,0.005180256055730795
17892,0.8345646935379809
17893,0.8002820290757072
17894,0.007724273508416987
17895,0.6039684676915519
17896,0.4397198338722102
17897,0.12549995188513033
17898,0.5946882394796021
17899,0.6971395586553146
17900,0.728401078781083
17901,0.7554779840596298
17902,0.8146773746492885
17903,0.46047289061508634
17904,0.26838953028682916
17905,0.040876107000300206
17906,0.007524983425199828
17907,0.0096067009451045
17908,0.020945776557930625
17909,0.6105490177256355
17910,0.38517315313344
17911,0.013258492555762308
17912,0.41029043829937134
17913,0.013927783712195808
17914,0.5930652452358538
17915,0.016430498956158418
17916,0.0050465723912097435
17917,0.5707137479745523
17918,0.026502639030195
17919,0.32348585062333074
17920,0.6328301801759253
17921,0.07574112332710986
17922,0.06903349048176509
17923,0.012841027983980976
17924,0.021250070054956466
17925,0.6945830532807912
17926,0.010676570800121
17927,0.8567805091567705
17928,0.002780888318310929
17929,0.716378736985841
17930,0.009387098352992984
17931,0.28872965763930925
17932,0.5271405150619326
17933,0.2476938909583522
17934,0.8112329415464136
17935,0.018508911349771087
17936,0.5579127745326323
17937,0.00779893986169807
17938,0.7470420682898062
17939,0.7854653832026217
17940,0.004756965497916168
17941,0.6285851892223873
17942,0.7920460110942393
17943,0.029360153369537435
17944,0.07214837932497517
17945,0.7594680501418803
17946,0.032794150792220714
17947,0.8654557617497831
17948,0.7224264315152646
17949,0.8835537267607155
17950,0.5310000608193894
17951,0.08156560656419384
17952,0.20407082142504981
17953,0.9234178334354703
17954,0.026215351386814224
17955,0.5374079743069512
17956,0.009232374218655751
17957,0.009076430828478794
17958,0.005410686687615679
17959,0.528964205447601
17960,0.009897068248796959
17961,0.2705690049393973
17962,0.04508812640788237
17963,0.8071824975588534
17964,0.46558667334339127
17965,0.39767789672202425
17966,0.03244301182883329
17967,0.01095899043864182
17968,0.35966411561633993
17969,0.9061247865487472
17970,0.6844396789290758
17971,0.868108915999213
17972,0.6023540239696192
17973,0.010968792012532213
17974,0.035898575186750714
17975,0.44572876409157963
17976,0.4222142146669866
17977,0.7693708316083978
17978,0.01238032370097932
17979,0.8424570654349292
17980,0.023035954307001946
17981,0.8028001440719008
17982,0.005056212778893142
17983,0.01999743695331414
17984,0.7211349446197214
17985,0.003317801319400093
17986,0.37632662390022825
17987,0.65190264565671
17988,0.010486374294068556
17989,0.01642771442985013
17990,0.4369657803452224
17991,0.6725656224597905
17992,0.5305968201617355
17993,0.36967772591270315
17994,0.8000193729036125
17995,0.017231794552579865
17996,0.004098018383118979
17997,0.7734637113244085
17998,0.5723598849647966
17999,0.35479848591617147
18000,0.023430396803027928
18001,0.010994541230762664
18002,0.013754287304350578
18003,0.7897073920550347
18004,0.016495612985295564
18005,0.8432507910463841
18006,0.09171686079366763
18007,0.003028219781962383
18008,0.06398323584056742
18009,0.3832817132158802
18010,0.6065841096324857
18011,0.605152419458574
18012,0.6107785576044636
18013,0.6825617509328322
18014,0.009010238190401658
18015,0.019379791971632712
18016,0.5860976624408558
18017,0.5418151027448268
18018,0.95129085058201
18019,0.013772846168042037
18020,0.7679901391928012
18021,0.025935606507408834
18022,0.7025666534821815
18023,0.33131322721959666
18024,0.8211397180604398
18025,0.1108081327427824
18026,0.09462014771862838
18027,0.0034830706090001073
18028,0.7502444980956434
18029,0.4284946818735878
18030,0.01108758055662888
18031,0.45854495326218775
18032,0.02120274955787509
18033,0.5926771551194332
18034,0.37818863264976765
18035,0.8535106109513779
18036,0.008619979923885546
18037,0.7961132638649809
18038,0.43294208256334893
18039,0.013126422420630826
18040,0.02245217272370669
18041,0.09354721020897011
18042,0.8555475793913379
18043,0.7614101960947567
18044,0.4278118604555984
18045,0.7146829422247885
18046,0.48883442051073434
18047,0.7076617400086229
18048,0.901096128610943
18049,0.6453759728506486
18050,0.7819747283489222
18051,0.039669301887060505
18052,0.4647022562267176
18053,0.668633573724655
18054,0.05284927263106167
18055,0.24884322670481104
18056,0.7618059442714854
18057,0.631681883003309
18058,0.030815466306141712
18059,0.023391021354534632
18060,0.030218139709463798
18061,0.014363055859753015
18062,0.7321052170498238
18063,0.027089096779713825
18064,0.6255770888745525
18065,0.012150600441735734
18066,0.746642082831479
18067,0.04288675039663746
18068,0.028280128353821734
18069,0.24313251291951568
18070,0.3010073395099074
18071,0.6848595884384119
18072,0.7348914397919417
18073,0.26467444600409046
18074,0.006167933995954351
18075,0.6300586543107146
18076,0.4475032378264068
18077,0.90703121993063
18078,0.06068540455765369
18079,0.6456218643200524
18080,0.738172059656798
18081,0.00961977436118284
18082,0.02497160035554914
18083,0.04042781620813957
18084,0.050265727019359156
18085,0.1910223484424885
18086,0.03980373723996227
18087,0.010680757843238287
18088,0.5953414000956385
18089,0.007925932179144448
18090,0.02635479646510717
18091,0.48792468870843464
18092,0.025325115270507324
18093,0.461150190321572
18094,0.35782871801641475
18095,0.01422308283476805
18096,0.013313788864563057
18097,0.5103993422035958
18098,0.04134094820883734
18099,0.4881387797896527
18100,0.7988269841015952
18101,0.6010064278667512
18102,0.015424054437369583
18103,0.7666393323846347
18104,0.009858583262641527
18105,0.5183516471229426
18106,0.6839412684230114
18107,0.30921163962982273
18108,0.7175460988728533
18109,0.007423471096156867
18110,0.6297971705780334
18111,0.7177829233544282
18112,0.5604857805367941
18113,0.04429711307095707
18114,0.0719450234183067
18115,0.017713855819617107
18116,0.015215154899589236
18117,0.5471561509561735
18118,0.6369780476323277
18119,0.005580656869216554
18120,0.016006984535192278
18121,0.013943993568418576
18122,0.7090161700568971
18123,0.047154524150698006
18124,0.02171969317411215
18125,0.6086120186296313
18126,0.2179930168312245
18127,0.565396912831658
18128,0.5809508061042555
18129,0.8049708974753602
18130,0.013514966845138197
18131,0.00866877607324166
18132,0.01689041668520269
18133,0.18857427142259756
18134,0.9113196451019363
18135,0.7442124298485479
18136,0.5752831135757694
18137,0.6240434380102462
18138,0.41539388733712407
18139,0.6657959454475038
18140,0.6275629609949098
18141,0.918074440245625
18142,0.8240276065843908
18143,0.5196933736729638
18144,0.5568963335580619
18145,0.5963984221805966
18146,0.025645819337344063
18147,0.5338033099736894
18148,0.43098371044451617
18149,0.29804945501785246
18150,0.00972714151459972
18151,0.011557314973541156
18152,0.3879618823662024
18153,0.4021608619643712
18154,0.8982307427216779
18155,0.9380328824908061
18156,0.0025863994048963613
18157,0.06271193251943104
18158,0.4385084830560032
18159,0.7305469959914836
18160,0.37246195839999807
18161,0.003077898250839733
18162,0.004582742471825545
18163,0.005284768546123038
18164,0.5950591912381505
18165,0.6039225188077616
18166,0.03810209468936803
18167,0.02471766940868743
18168,0.015470221761563513
18169,0.01494160822661489
18170,0.08450970588068143
18171,0.7234515459703968
18172,0.03940956669925954
18173,0.18240963099790897
18174,0.3483520744326221
18175,0.7158780523456216
18176,0.6427146242001625
18177,0.904768673931128
18178,0.7004106998283083
18179,0.7792804955822888
18180,0.41141218172910926
18181,0.6529218221140402
18182,0.04693548896229479
18183,0.7237169959074812
18184,0.005378304703697715
18185,0.44860133706639593
18186,0.8498036567234943
18187,0.7118900179794788
18188,0.014302588688629667
18189,0.02830657350289515
18190,0.03068561034497564
18191,0.8160890871025123
18192,0.7387168231266483
18193,0.011211099742499396
18194,0.4501169086221451
18195,0.052133031117221486
18196,0.6458288471683538
18197,0.007839919693669109
18198,0.7354011991559029
18199,0.41326334506419043
18200,0.009232922287992308
18201,0.45999431083956266
18202,0.6982220395488407
18203,0.10807094583257056
18204,0.4769336226942522
18205,0.027971185517781647
18206,0.01133891126550152
18207,0.696970505490129
18208,0.920244048813032
18209,0.5670854126535899
18210,0.502589711497505
18211,0.47431522401680487
18212,0.006635438899563979
18213,0.005588075364023399
18214,0.551341205237211
18215,0.8881788578537887
18216,0.2591478436090862
18217,0.665415668166076
18218,0.371389290668728
18219,0.036603306755035696
18220,0.4519484898323394
18221,0.678490451638881
18222,0.7279035724424291
18223,0.809704557821956
18224,0.017686238391541598
18225,0.854534228662769
18226,0.6298634859452463
18227,0.7053525205364886
18228,0.4515837460922574
18229,0.8148685521299961
18230,0.6687055510565415
18231,0.01122948899408571
18232,0.27999450169127077
18233,0.330538499617591
18234,0.005318715331732708
18235,0.01661918733940653
18236,0.007758768436600766
18237,0.01327040364488428
18238,0.4374665967563229
18239,0.0712186926578117
18240,0.2722410621810617
18241,0.5134231246853007
18242,0.5448625594035973
18243,0.8405521322814867
18244,0.40737478530838034
18245,0.08094376569854322
18246,0.4632050979402764
18247,0.1311386088538365
18248,0.09533065529534757
18249,0.8064581020797038
18250,0.8221726482863787
18251,0.014810162380598903
18252,0.2890529432139346
18253,0.0033353117640934856
18254,0.035498194547209976
18255,0.6985229628700867
18256,0.03229178906238973
18257,0.003701231393511532
18258,0.9415466396826314
18259,0.3582687692890973
18260,0.021275589251519247
18261,0.049955446462031546
18262,0.781805952033566
18263,0.04104537057575503
18264,0.4654701293110196
18265,0.5999807132076862
18266,0.5173287099107063
18267,0.705916812233561
18268,0.5273165382721888
18269,0.10613472192832854
18270,0.46299073291795595
18271,0.7101381365100647
18272,0.379808838357636
18273,0.13134449344466104
18274,0.0035755862596503
18275,0.5411003285521622
18276,0.013003848052972103
18277,0.8589473478539085
18278,0.027390392727910308
18279,0.4014950204820959
18280,0.016860549208235445
18281,0.8733876773011078
18282,0.18656948086105263
18283,0.007312571265444766
18284,0.040582692670233095
18285,0.5779091878982265
18286,0.08987755952608957
18287,0.05495493901973062
18288,0.7579725788917273
18289,0.041811494710836145
18290,0.8793072949874793
18291,0.013748239753900092
18292,0.7375038045762123
18293,0.022827769032824997
18294,0.7489597325011867
18295,0.013979753908327956
18296,0.007832466223877933
18297,0.008802546468830216
18298,0.015075288452364293
18299,0.04478858660364107
18300,0.6996352758903872
18301,0.42439800672002076
18302,0.013874501826521701
18303,0.18549986799459234
18304,0.014128173355970924
18305,0.006667932541921485
18306,0.029371613112851774
18307,0.7094864237482745
18308,0.008497013384486314
18309,0.48743314524494785
18310,0.6336356441116442
18311,0.6522648061421346
18312,0.6511390783859207
18313,0.03827576019053767
18314,0.01400166433214794
18315,0.2850657294909009
18316,0.5932279170717962
18317,0.02211759996845327
18318,0.3239769960967929
18319,0.28430655947140576
18320,0.01500928131834493
18321,0.6592081779258262
18322,0.6891628958630961
18323,0.48253881052066977
18324,0.12932463533118407
18325,0.41697917690907177
18326,0.6098494124173821
18327,0.8322988567244738
18328,0.03104663348378805
18329,0.7155542792782934
18330,0.8106350758456903
18331,0.8040324356600708
18332,0.726641722479375
18333,0.017863803647846184
18334,0.4838290022308823
18335,0.034247045999905
18336,0.7390391656640193
18337,0.6634390252326284
18338,0.7490385528745053
18339,0.12242796153433555
18340,0.012674981260604231
18341,0.39480218734804906
18342,0.5411389214653144
18343,0.3239905638156639
18344,0.5833273574149562
18345,0.8660823330050815
18346,0.01301558126113766
18347,0.02311014004944913
18348,0.6836988927657642
18349,0.588253284029312
18350,0.013836073698909612
18351,0.07214092495305093
18352,0.023333755819641516
18353,0.008883381956295018
18354,0.007088502918172702
18355,0.014566665129178485
18356,0.005354406997142285
18357,0.007818702598932385
18358,0.006348208718795394
18359,0.6264530059159096
18360,0.662360829293293
18361,0.7563332148637674
18362,0.6522066742939372
18363,0.019670538218963134
18364,0.003203725347291264
18365,0.009007435616616474
18366,0.02459783638649331
18367,0.5803222597605566
18368,0.004135547381653516
18369,0.013233648101315096
18370,0.5035411781739949
18371,0.6371367198954268
18372,0.07511660358134432
18373,0.027260483779376104
18374,0.5168252925383102
18375,0.015208254999134137
18376,0.4781144401871177
18377,0.86223295610642
18378,0.007964214798488247
18379,0.8238593941659466
18380,0.005398914592733534
18381,0.5002615862576015
18382,0.0056371843608571766
18383,0.9208329752187422
18384,0.02367054831695534
18385,0.01392923284153631
18386,0.8889445947716007
18387,0.7842180470772045
18388,0.010118490930383129
18389,0.8265681884010881
18390,0.01551777513691706
18391,0.029835354581352936
18392,0.7471760488104982
18393,0.014458547723046061
18394,0.9034984000322571
18395,0.008589500792421628
18396,0.014618224958193267
18397,0.6353385571689387
18398,0.7008164965879331
18399,0.8715954684227327
18400,0.817363645443514
18401,0.746348350705594
18402,0.04376446099776134
18403,0.019777822716609023
18404,0.014179860749299536
18405,0.581908342461524
18406,0.03275925584951906
18407,0.573807503026264
18408,0.4684158003820272
18409,0.6252352597554239
18410,0.6299104250891029
18411,0.8200743672657934
18412,0.01759199919978555
18413,0.6549201600679155
18414,0.004431806281368437
18415,0.6172048391580439
18416,0.3021523289555099
18417,0.006963763914633059
18418,0.4512844661820584
18419,0.022016541383178167
18420,0.015818147101291487
18421,0.004691881198992045
18422,0.00715967073342554
18423,0.5706777445994797
18424,0.6910557202075882
18425,0.2543475440533238
18426,0.7756474749358477
18427,0.5529965951205448
18428,0.5207928313467237
18429,0.1341473960974366
18430,0.9076339252651825
18431,0.12227218894620558
18432,0.3491707366769799
18433,0.5391863925672715
18434,0.012984655196286795
18435,0.27064287012604527
18436,0.6393339362511821
18437,0.033414499257373116
18438,0.025423155396311153
18439,0.10962073139805613
18440,0.5636243465811548
18441,0.646245527561053
18442,0.8169842108879277
18443,0.21501954669368994
18444,0.0895109513883317
18445,0.42973365416607895
18446,0.02150182399776742
18447,0.025436600999046488
18448,0.5257332919444285
18449,0.021070855651259515
18450,0.6003439015276394
18451,0.6628132527377035
18452,0.013200423789246811
18453,0.04363501871006024
18454,0.015957322114509433
18455,0.01853547671909085
18456,0.0033660887594996144
18457,0.06757732551340725
18458,0.3271902021213313
18459,0.197021984052697
18460,0.01397884192373315
18461,0.35439304947005323
18462,0.6889008111575736
18463,0.01369395345691233
18464,0.09107025775553176
18465,0.31153526881638277
18466,0.006189446461290904
18467,0.0073469931518913385
18468,0.8640135161956539
18469,0.423650761721957
18470,0.788303720618377
18471,0.17747711519707066
18472,0.24026384025256417
18473,0.011678380801600729
18474,0.6929280621862303
18475,0.5324447224010556
18476,0.5882391796211404
18477,0.3031275862369428
18478,0.5428244467148698
18479,0.013962031551816552
18480,0.802642175051953
18481,0.013535309449914724
18482,0.023417188193318263
18483,0.013122647585596158
18484,0.49506699688819383
18485,0.017088985137726772
18486,0.33232303230835286
18487,0.24418897873007558
18488,0.009458907321687781
18489,0.0234397461407601
18490,0.3231047368393056
18491,0.3950172857228006
18492,0.6823798714050412
18493,0.011758474394986647
18494,0.023590279778132214
18495,0.1840627019869884
18496,0.2691714902774731
18497,0.8646878193813569
18498,0.7873025426473097
18499,0.17221249323814727
18500,0.07515417934058059
18501,0.003188184034687792
18502,0.24074858156081302
18503,0.021547486162435372
18504,0.33736183628572924
18505,0.761059254181808
18506,0.00841022102173472
18507,0.011230528584444456
18508,0.01616491646518296
18509,0.5850725439692943
18510,0.10447960793256093
18511,0.484739246751705
18512,0.01784012222966363
18513,0.06816377522965791
18514,0.3178561210124832
18515,0.012515006253494644
18516,0.009614996747073305
18517,0.8859126259492138
18518,0.12382539427031472
18519,0.37581800272652927
18520,0.039757074335956696
18521,0.5213909594852378
18522,0.004407255370702666
18523,0.8659349102120697
18524,0.05265751169720599
18525,0.05294187608247123
18526,0.6999973134028528
18527,0.04930339101379143
18528,0.6853491181636739
18529,0.30412356876823315
18530,0.013594342455813443
18531,0.6259243332292243
18532,0.44339874932911233
18533,0.013410954106741223
18534,0.5558186091821691
18535,0.2355945245615273
18536,0.006966879651995489
18537,0.4094612252027112
18538,0.004894452594185212
18539,0.01162108280740532
18540,0.8656241746583847
18541,0.5168967018416342
18542,0.6039866447793727
18543,0.7055107927429191
18544,0.01811804813677505
18545,0.6928849166647976
18546,0.004504252096930038
18547,0.007690902115718616
18548,0.7296633536792891
18549,0.6782817707124696
18550,0.7138012201738047
18551,0.003947787775629028
18552,0.47889473409142014
18553,0.11721329914528547
18554,0.335071846774838
18555,0.008220272882710992
18556,0.5957468419973613
18557,0.5430028632524395
18558,0.5662459494250912
18559,0.8830058125647751
18560,0.7222521171975897
18561,0.5187451961300995
18562,0.30108539328426026
18563,0.013363572204441135
18564,0.5046158110782208
18565,0.5447215831889322
18566,0.2886916726579553
18567,0.7989096933679476
18568,0.019412883248731205
18569,0.009683700585070894
18570,0.013910055540082534
18571,0.029394545968208924
18572,0.7261491119527496
18573,0.05146110559059951
18574,0.9396058181022093
18575,0.6403758544958081
18576,0.2513573409512581
18577,0.01832481436193777
18578,0.050327511360159144
18579,0.7076260364859788
18580,0.05345523684964755
18581,0.009043142815136924
18582,0.11840927731117167
18583,0.05432807308039603
18584,0.47252593531008846
18585,0.6045797356442945
18586,0.0066143017296256155
18587,0.867887037681161
18588,0.04009531873810244
18589,0.6339675695210399
18590,0.04687033764223567
18591,0.10708105045889901
18592,0.6751239438153669
18593,0.6220867695641845
18594,0.8042796851692403
18595,0.685573954367776
18596,0.056898268555031876
18597,0.7839184328121486
18598,0.47094456619667685
18599,0.26487509222818134
18600,0.009222013473631685
18601,0.5091813374565907
18602,0.7294115173907583
18603,0.7740820028567097
18604,0.7456043979438989
18605,0.023580310098263974
18606,0.006946147196049602
18607,0.06710713474371505
18608,0.4667737514640282
18609,0.537231608354319
18610,0.03119165805464822
18611,0.5171571495040539
18612,0.021673041087506936
18613,0.8387184829983035
18614,0.004280134316424413
18615,0.20218899678826785
18616,0.5763285711883526
18617,0.10105947181937354
18618,0.01465825962721826
18619,0.028071991151477464
18620,0.6860422709410773
18621,0.2868138501019308
18622,0.5701857311161557
18623,0.5561104806857294
18624,0.6884075237872476
18625,0.02023359543299697
18626,0.0067668272307413934
18627,0.01140535613177038
18628,0.004510907353228368
18629,0.42610121586047334
18630,0.8027616513336963
18631,0.691963632292496
18632,0.6491475958848866
18633,0.35345849900982446
18634,0.012596260771665898
18635,0.0075821067458092155
18636,0.7470828415253531
18637,0.7574883405111246
18638,0.016377567916669306
18639,0.6950397099359046
18640,0.678265669228652
18641,0.5551654839626566
18642,0.4013286113011531
18643,0.014634721632736216
18644,0.8440749643446038
18645,0.509448077879572
18646,0.0030055708669848554
18647,0.49205076330248604
18648,0.07952538795130296
18649,0.7893156976783801
18650,0.4416183434504031
18651,0.033899973571918846
18652,0.020605106464513148
18653,0.7099973074528407
18654,0.6370023863706269
18655,0.3657431443856336
18656,0.15823498080513393
18657,0.18111673734751424
18658,0.01937730751668183
18659,0.623220108389489
18660,0.4779332235549159
18661,0.35391592735646005
18662,0.6064501896197404
18663,0.03609717212365644
18664,0.022394341924928052
18665,0.530968657109595
18666,0.479694988385567
18667,0.4348707166115555
18668,0.01405006841783816
18669,0.5166663355487116
18670,0.024762893258888904
18671,0.017543369489589233
18672,0.05708256726378231
18673,0.6963594215678783
18674,0.024764116775343303
18675,0.019223295256983353
18676,0.024770698681571786
18677,0.6114968317232131
18678,0.028637721362103942
18679,0.12141630844280073
18680,0.4063996571491377
18681,0.29977656263537783
18682,0.5011587349926804
18683,0.11243377515594531
18684,0.8961387080110154
18685,0.6509006328346459
18686,0.008985313156341311
18687,0.8899448056057777
18688,0.8109362028793071
18689,0.49548846692931564
18690,0.8104592400568345
18691,0.9118870244463918
18692,0.4045804337626108
18693,0.054536688745187
18694,0.7366108955204751
18695,0.39489039983982327
18696,0.7871459598104296
18697,0.019082778944253875
18698,0.8199823700553014
18699,0.017042127805145454
18700,0.013654528962120646
18701,0.7800500498789705
18702,0.005571383375380289
18703,0.7118722059446178
18704,0.7144752272618473
18705,0.478663067801509
18706,0.32579781248117556
18707,0.6715388913320914
18708,0.8581476314431162
18709,0.04566971070933186
18710,0.7256427097142087
18711,0.8052828849274123
18712,0.8560507295479023
18713,0.028460900167956982
18714,0.023197073755049938
18715,0.8489841412672096
18716,0.2857890150647489
18717,0.2670686579414717
18718,0.035659313632348165
18719,0.008858113709281764
18720,0.8425785267054751
18721,0.018441734022251223
18722,0.7808361635918837
18723,0.8697275417950338
18724,0.8282483303979661
18725,0.016111718001732656
18726,0.8523184069355596
18727,0.021296146605427252
18728,0.6805277484567005
18729,0.009781376395688997
18730,0.3350182780588657
18731,0.2287460562860529
18732,0.15315005893831413
18733,0.04733485609484914
18734,0.503343833767892
18735,0.01878768229285215
18736,0.007756853675171465
18737,0.64643360720884
18738,0.8471511652933633
18739,0.4332919828840994
18740,0.5977315818194908
18741,0.6195202365129455
18742,0.03666481397087206
18743,0.03955377557150643
18744,0.8256363692434577
18745,0.04858280425246439
18746,0.736783793374818
18747,0.8126379348360802
18748,0.30263789398600727
18749,0.7651510376151978
18750,0.032893150878190336
18751,0.01715638653623285
18752,0.016264019865046428
18753,0.8487164893884424
18754,0.7981134568505895
18755,0.8786112951286065
18756,0.7540137407956867
18757,0.003728048959103658
18758,0.0073541706142973345
18759,0.08577777850116787
18760,0.0213410279617725
18761,0.4698793519409712
18762,0.4298795962096455
18763,0.7594003793820995
18764,0.7598660672518893
18765,0.04167700209657367
18766,0.012723730257596445
18767,0.9105848802188184
18768,0.5696443435248979
18769,0.45412907866855134
18770,0.1218303395794959
18771,0.5939958957886008
18772,0.5680985151792527
18773,0.028528291747579353
18774,0.6525510913913352
18775,0.00566847697704851
18776,0.5646443585591581
18777,0.008507765111818043
18778,0.003159244435014457
18779,0.6188688246984192
18780,0.536064261280679
18781,0.02999182073619326
18782,0.003139522083568756
18783,0.008751924577457479
18784,0.7953898607172026
18785,0.4962599027935332
18786,0.6611709104613562
18787,0.28852363273064774
18788,0.6491532422856217
18789,0.007083682859152531
18790,0.012072216245569653
18791,0.009571924198509853
18792,0.497597233014324
18793,0.40311985830224045
18794,0.8405292236001696
18795,0.3429145348109234
18796,0.22655775788311847
18797,0.011521658559594998
18798,0.008802050854553208
18799,0.0654556011807959
18800,0.8506549471103734
18801,0.011336320335978868
18802,0.02019450547392984
18803,0.406273378786784
18804,0.06383798980616254
18805,0.7072337294839646
18806,0.10600912362908031
18807,0.03784644330515433
18808,0.008410200559520412
18809,0.7071014302246436
18810,0.636826760418519
18811,0.6300623666804254
18812,0.6440111626460292
18813,0.2559047221972361
18814,0.5710626905179048
18815,0.7145060004542314
18816,0.01083749876237282
18817,0.3540947125161705
18818,0.006038337809010324
18819,0.006148349851783664
18820,0.46128239057273557
18821,0.4381000770316098
18822,0.010184581918596619
18823,0.01372603865205181
18824,0.588539312699614
18825,0.020186900603497093
18826,0.7937664994734352
18827,0.00511075961318293
18828,0.1304088804448473
18829,0.003335132819249655
18830,0.21438141393404364
18831,0.42586760838206245
18832,0.009198231029608197
18833,0.4051901414098243
18834,0.09382617115678817
18835,0.32358912793809735
18836,0.00602503657918324
18837,0.8080389210306166
18838,0.726193936833994
18839,0.8178214649055536
18840,0.40628794507139315
18841,0.00927124869038473
18842,0.5050295333695505
18843,0.030103156513903183
18844,0.8980291903748041
18845,0.7572405072667705
18846,0.7217968083176219
18847,0.8174881508208937
18848,0.8479382426084416
18849,0.060387437882336505
18850,0.021050790198337988
18851,0.4044256557587261
18852,0.5931141976402546
18853,0.38843385041301165
18854,0.022555726628086654
18855,0.46431564837616707
18856,0.7178278559595866
18857,0.020746873211815384
18858,0.011117707431239873
18859,0.9130892682881079
18860,0.610733248629738
18861,0.139109324800563
18862,0.7176689675815181
18863,0.7262385932146046
18864,0.003322494991131821
18865,0.6582162383374109
18866,0.34555888097605475
18867,0.6319389312708903
18868,0.006143439779502421
18869,0.07294783494531601
18870,0.004303053966575108
18871,0.472193756096691
18872,0.3729132686433566
18873,0.015884998417670156
18874,0.5196871769357359
18875,0.035799064002257616
18876,0.5074058464806726
18877,0.7329596146584784
18878,0.41405635215757713
18879,0.4968778880044028
18880,0.6555618994002095
18881,0.8272754426880597
18882,0.021766539590115434
18883,0.024802067805114524
18884,0.008178463061773307
18885,0.7995352970136581
18886,0.774913343682495
18887,0.01790294976504166
18888,0.39578130415555496
18889,0.014177345166794366
18890,0.01828791396726609
18891,0.010679036441430046
18892,0.4225830025492069
18893,0.49516059136892765
18894,0.005616325804710097
18895,0.018221372031170267
18896,0.49426361935262764
18897,0.8781015949341675
18898,0.06529860650616977
18899,0.014357186364394432
18900,0.5148086121078006
18901,0.36175135480808174
18902,0.1978561033857766
18903,0.9382097392492007
18904,0.144284275271861
18905,0.013228682456623514
18906,0.9124696458516
18907,0.8194197257423264
18908,0.705833416787311
18909,0.5819526203142871
18910,0.0043077026256731306
18911,0.9229771515010635
18912,0.5679825127030645
18913,0.07363798507788898
18914,0.3891524167791163
18915,0.21955864278925086
18916,0.5511411044160698
18917,0.012473587869282703
18918,0.7861129623425932
18919,0.6125017132937274
18920,0.6828055821346053
18921,0.5100895035985975
18922,0.3655410193017477
18923,0.5907510971517294
18924,0.0173189582827874
18925,0.43791796894663243
18926,0.053917241040671596
18927,0.5174871917082285
18928,0.006826468869471887
18929,0.6441751626228968
18930,0.019993074418199787
18931,0.4912676753539873
18932,0.6675980217118924
18933,0.006020887550286918
18934,0.8968662888347457
18935,0.3079095948587769
18936,0.6726408136491248
18937,0.8856033668806355
18938,0.47729785808877534
18939,0.5957353060576466
18940,0.5367437195671405
18941,0.819938004419885
18942,0.7337719639831715
18943,0.7740696555548549
18944,0.0467089679025748
18945,0.5031479428603594
18946,0.47761492151944357
18947,0.725789904938852
18948,0.7705952965420657
18949,0.1858102797360945
18950,0.32470120081911436
18951,0.20340405570107228
18952,0.6038534037351523
18953,0.03282995999391955
18954,0.03376354950432989
18955,0.03220694327546992
18956,0.009376743791043758
18957,0.5244254302960973
18958,0.5609359532186333
18959,0.015569142312116185
18960,0.13304871557838385
18961,0.4117722969257025
18962,0.015684115643943966
18963,0.5254793331126139
18964,0.7326926188557307
18965,0.3416324918699282
18966,0.005672019737595174
18967,0.7186174688502872
18968,0.19051935500284628
18969,0.7781749141365454
18970,0.8077292475817113
18971,0.8583487009865092
18972,0.01836020340011515
18973,0.8408058638621798
18974,0.8160536640032264
18975,0.013383843042984372
18976,0.5433831299332544
18977,0.419019455396288
18978,0.2248256559262092
18979,0.8356715789265233
18980,0.4642920746608631
18981,0.0031360286665747792
18982,0.5017417152482812
18983,0.06455657887630872
18984,0.004379252093519677
18985,0.3863396011020048
18986,0.09573724501098307
18987,0.01505763004473076
18988,0.5428346330072908
18989,0.6194757125415756
18990,0.4409198411893817
18991,0.38628663325595275
18992,0.010719560138426893
18993,0.6942634364110094
18994,0.48759097549919633
18995,0.7361228519359968
18996,0.9215411385940048
18997,0.887435337247063
18998,0.583935790495011
18999,0.03696477615704691
19000,0.4993937377761103
19001,0.8641826421161557
19002,0.013824198620053544
19003,0.3624901236746821
19004,0.39757869694957076
19005,0.2497300284871351
19006,0.18185184416511901
19007,0.040811703550738744
19008,0.8403508573588943
19009,0.6355383171430206
19010,0.9105347914543437
19011,0.5925960292016582
19012,0.5220385518848176
19013,0.0863664753212971
19014,0.5936310540664064
19015,0.6413724340624676
19016,0.5803841175941616
19017,0.2388245377278191
19018,0.0058525387751767214
19019,0.016589640165438554
19020,0.003967223359749546
19021,0.41650877435784933
19022,0.007437079354012092
19023,0.5472025494552668
19024,0.46797764612543985
19025,0.8779100067333478
19026,0.4298186946807287
19027,0.6510433614253642
19028,0.008879087666073985
19029,0.7518460262439715
19030,0.6093319840477801
19031,0.6816773162682501
19032,0.7774201107774551
19033,0.6793287084129793
19034,0.008695754799545725
19035,0.8685720776117255
19036,0.01535054772017647
19037,0.19769685997163755
19038,0.005192598354063873
19039,0.7793090947465021
19040,0.43126098190340073
19041,0.8439340509995337
19042,0.672868229997537
19043,0.31058913111649084
19044,0.5171445940976757
19045,0.03044100243472351
19046,0.009134391424728272
19047,0.7382713396702995
19048,0.013240265043818093
19049,0.8865688372268276
19050,0.8339205043125809
19051,0.00269351811810959
19052,0.9362136551097139
19053,0.0036519646765041103
19054,0.6572025352631538
19055,0.5115703638799001
19056,0.014877901882900002
19057,0.5116696754555293
19058,0.24620944144497028
19059,0.9056973640073761
19060,0.4622586630299267
19061,0.17217994774872747
19062,0.5983920749255348
19063,0.06779977438076674
19064,0.44703026208135754
19065,0.040870470373538074
19066,0.716715080437685
19067,0.01165827065464984
19068,0.008113915964388867
19069,0.06845576432388116
19070,0.024594798228105858
19071,0.008596592981400546
19072,0.026339513352180374
19073,0.005954685929559512
19074,0.6531929410479307
19075,0.7512341862076529
19076,0.01577615121500194
19077,0.45695353928549504
19078,0.5234903189137501
19079,0.03018522876885946
19080,0.5302246972785598
19081,0.2669154980072628
19082,0.3899419792142171
19083,0.022249865784845654
19084,0.8514996351310138
19085,0.023978836821229168
19086,0.022465444187014037
19087,0.026080322824864558
19088,0.0040415487411985624
19089,0.6104453582005133
19090,0.3739446168927528
19091,0.35836692568774964
19092,0.6829896397085135
19093,0.5235196793833893
19094,0.7976757027563707
19095,0.7815179467559029
19096,0.06913550053891047
19097,0.9155964396804017
19098,0.011715634264746465
19099,0.2725737624475038
19100,0.4440708987845316
19101,0.007341106388690685
19102,0.3851589918965044
19103,0.6939328864983751
19104,0.05861891137619618
19105,0.7123459931642534
19106,0.5634434241292782
19107,0.8684967691253126
19108,0.5614654462727531
19109,0.005415206864601871
19110,0.011444293982908674
19111,0.05583229477285506
19112,0.5028737104893929
19113,0.3360948958368745
19114,0.6989845189844226
19115,0.00613963982197713
19116,0.49270672076366884
19117,0.5201137141140773
19118,0.010128291304105405
19119,0.7553805743237727
19120,0.8233620883925837
19121,0.43940176298544037
19122,0.08131433435597736
19123,0.1505182558425781
19124,0.5490116211717058
19125,0.5641472326094756
19126,0.01914161518883996
19127,0.011726922663142922
19128,0.0077692226442216674
19129,0.771245554099078
19130,0.5752383243540218
19131,0.024553676319962334
19132,0.031315219961384505
19133,0.024810025801447567
19134,0.39860497096722697
19135,0.715304733574686
19136,0.004508444575448891
19137,0.00794187827163141
19138,0.5112240461854788
19139,0.007064893480373974
19140,0.009659239347711126
19141,0.6135612918066049
19142,0.4291234281877695
19143,0.31608399980857643
19144,0.8210609177199221
19145,0.4348997911217088
19146,0.7935729158697787
19147,0.6402032145316999
19148,0.6504645528524325
19149,0.381853321113884
19150,0.011505272121750244
19151,0.43649684124316324
19152,0.6116318079322595
19153,0.4364404194241857
19154,0.4949204689449316
19155,0.8535287870835104
19156,0.09456270856420575
19157,0.5349788241665131
19158,0.27960599055848473
19159,0.0886232854952219
19160,0.8767377090180534
19161,0.043437467670854935
19162,0.46736943791218044
19163,0.01946343933792179
19164,0.6162024575893167
19165,0.8871030901343662
19166,0.48104665860077567
19167,0.7765588301829359
19168,0.0063144050689692525
19169,0.6418721097722284
19170,0.03975488491490766
19171,0.4649531353603756
19172,0.8996728595540328
19173,0.5028479644990487
19174,0.33388908918202054
19175,0.3135569762578846
19176,0.04411315248379949
19177,0.020050327175376557
19178,0.8576736161903628
19179,0.740785060189878
19180,0.6204443921773958
19181,0.5686054277922582
19182,0.7823733444608099
19183,0.7530740675433137
19184,0.010395504710448361
19185,0.040579326274807245
19186,0.5953741798438268
19187,0.005041007809480067
19188,0.03912034456249767
19189,0.17180062756195294
19190,0.6924087366862857
19191,0.02196760689171103
19192,0.031101431321851978
19193,0.03488567857424647
19194,0.31326651233774344
19195,0.4224361183418991
19196,0.04306712484507324
19197,0.6663769689945289
19198,0.09157713742618875
19199,0.01383153725817279
19200,0.04897304035836074
19201,0.33599666478937784
19202,0.20690852048722816
19203,0.6843855421884949
19204,0.2419996810312456
19205,0.8541190828721692
19206,0.007676061768369178
19207,0.6728813761932964
19208,0.5420349870056959
19209,0.548553942119535
19210,0.022886656113504655
19211,0.10490692492198363
19212,0.8401391291747898
19213,0.6677965294774125
19214,0.0068781106654354695
19215,0.7811698167604874
19216,0.4721657434963841
19217,0.6071462282954719
19218,0.19533741626580922
19219,0.7143500283892356
19220,0.5326104416430664
19221,0.5349503392147463
19222,0.07349089856990008
19223,0.010994524405917708
19224,0.4594461363266384
19225,0.6216358402226275
19226,0.009487449166681827
19227,0.007002761294796183
19228,0.008446866436013428
19229,0.04214323647019793
19230,0.672975930044563
19231,0.03328766002924883
19232,0.015516838045919693
19233,0.020240660686164966
19234,0.7927973885539544
19235,0.2578257352434165
19236,0.007973243748346969
19237,0.6843735343351885
19238,0.43988688933626985
19239,0.8846756146905767
19240,0.7582630250274572
19241,0.02316944771891286
19242,0.006141854191238796
19243,0.006409603121516175
19244,0.8704080577389469
19245,0.6384192919768916
19246,0.7399433903023971
19247,0.014822808390038633
19248,0.9122181788230523
19249,0.3493421173248957
19250,0.3057731076803071
19251,0.7614831809533874
19252,0.006056170701109739
19253,0.03219267397482122
19254,0.42256491152360465
19255,0.6520165621837822
19256,0.027421598950674312
19257,0.020301577409749492
19258,0.23570322104637306
19259,0.6613878122223379
19260,0.8512667610266835
19261,0.5965706451784097
19262,0.051041068239880596
19263,0.07194851013547957
19264,0.0033302526759883717
19265,0.01790593071631233
19266,0.2734017674907371
19267,0.003294081274884451
19268,0.01611559783103372
19269,0.41804493361960526
19270,0.034971283432182254
19271,0.640871370721093
19272,0.47785615944155124
19273,0.045785847151204546
19274,0.6587236314870547
19275,0.5079293751694338
19276,0.12643795217592954
19277,0.8232933251928413
19278,0.5277056129909307
19279,0.008305923615791338
19280,0.4387353353231163
19281,0.8658492882323151
19282,0.44104016613312397
19283,0.10606523122591933
19284,0.012620574885617053
19285,0.9114611940193308
19286,0.7089273682390119
19287,0.3952882221138541
19288,0.48685407783196205
19289,0.8599477772749118
19290,0.8688909784396573
19291,0.4634914647082196
19292,0.856780418866531
19293,0.559468915321168
19294,0.010862466339095133
19295,0.4440091603503366
19296,0.46379829204747763
19297,0.6476339334735822
19298,0.020005779469070038
19299,0.5188651150010415
19300,0.5072997490633222
19301,0.6544523788443334
19302,0.33565318108183967
19303,0.013094650417001152
19304,0.0237035331901343
19305,0.4845406009840419
19306,0.26857398299710794
19307,0.898389165739642
19308,0.011336832204052566
19309,0.4755144766133998
19310,0.002314814422438933
19311,0.33947636609095927
19312,0.18107070829650604
19313,0.6374918076467296
19314,0.6622793978232677
19315,0.684885017539881
19316,0.4461996111824026
19317,0.4330808203944799
19318,0.010312589396775691
19319,0.3091494245797458
19320,0.012615227568123054
19321,0.01739427328630812
19322,0.4158264521487304
19323,0.04605935211168045
19324,0.5562322953398594
19325,0.008802291084456683
19326,0.767457043797413
19327,0.5362325392564751
19328,0.28260114165359007
19329,0.36890101957782706
19330,0.5780650489088778
19331,0.8298485128543893
19332,0.3037195454761225
19333,0.23552726070066984
19334,0.18450307827876922
19335,0.011359855288534467
19336,0.021836688119316442
19337,0.8403938423002585
19338,0.7725503094643806
19339,0.34940377975747855
19340,0.5799413867820775
19341,0.03607573808752248
19342,0.9054165726412444
19343,0.5682634047648785
19344,0.8464002700217604
19345,0.23567969014572318
19346,0.7087279199027882
19347,0.3230461584566596
19348,0.014853846210065249
19349,0.37613818511810065
19350,0.8746991373358277
19351,0.771247111132209
19352,0.018518693547129598
19353,0.051040515174654064
19354,0.6809890083129704
19355,0.5319360780519893
19356,0.8770908441848673
19357,0.7931862914413503
19358,0.7105071635066115
19359,0.02239434758848282
19360,0.8760911398437219
19361,0.09768487181985773
19362,0.07423618199666286
19363,0.15210556233363942
19364,0.05236407980802633
19365,0.7456511833948966
19366,0.7607197246555779
19367,0.045303935934573124
19368,0.864300275060735
19369,0.6417032666862093
19370,0.5361800057684644
19371,0.04162986737647987
19372,0.7622686996559
19373,0.014013332428760067
19374,0.45584741340779966
19375,0.6055605888216469
19376,0.026018179940283034
19377,0.6256434015036603
19378,0.5294095585933983
19379,0.5888949563001331
19380,0.1430295981226167
19381,0.059382186913291
19382,0.024016736206679396
19383,0.8272558126192938
19384,0.010210731282623493
19385,0.6961807286565954
19386,0.013208881440487897
19387,0.5437882856520796
19388,0.010795973083254709
19389,0.019169972001842454
19390,0.49450262495601893
19391,0.10653409655590526
19392,0.06368503830484959
19393,0.003656479092149561
19394,0.8529307013015254
19395,0.6819538477750621
19396,0.6973679442548039
19397,0.6232044277502344
19398,0.06462994927383472
19399,0.5029198727650256
19400,0.04217488294810583
19401,0.8102659783739862
19402,0.7496805996503202
19403,0.034303755214696634
19404,0.7439283347128072
19405,0.7026095958414966
19406,0.028959476373659063
19407,0.018505049274834005
19408,0.23022683320866671
19409,0.4881338590058178
19410,0.018794166021141232
19411,0.0031753992005367055
19412,0.44062830271366643
19413,0.11450245634094508
19414,0.5938675537225655
19415,0.21241529056038794
19416,0.015952608690254264
19417,0.5366470145528286
19418,0.01687260986197721
19419,0.3528975384742644
19420,0.8157222131431802
19421,0.39360846996026927
19422,0.6333430393040028
19423,0.745022724862266
19424,0.7186876995242858
19425,0.005543420752627043
19426,0.8503537163888795
19427,0.4504832680110433
19428,0.478428566286276
19429,0.4484201424532731
19430,0.800072590523089
19431,0.8664169713079165
19432,0.025878467890209256
19433,0.02110136922578521
19434,0.43377263835342
19435,0.8118400946784529
19436,0.01252883422608667
19437,0.3605571437449309
19438,0.6720751453732443
19439,0.2874717379022992
19440,0.7808805165144446
19441,0.022407619685226133
19442,0.04325053193738658
19443,0.003312492714825809
19444,0.7619347604893347
19445,0.7444347554276066
19446,0.02455072825612943
19447,0.4399399262612496
19448,0.41291901733712977
19449,0.1456937164949548
19450,0.48834857811261173
19451,0.014266015860494455
19452,0.004833302131974414
19453,0.07502788245433516
19454,0.05743164623633847
19455,0.06525071583274888
19456,0.5066612638040846
19457,0.3211161916705041
19458,0.29704283438892115
19459,0.6791685074619905
19460,0.20309916621168492
19461,0.022920595480896942
19462,0.03912304539205393
19463,0.7200447058283224
19464,0.1256805912005105
19465,0.8200689812237495
19466,0.05145029430278508
19467,0.003233333939562567
19468,0.6793184015708964
19469,0.013325048901664045
19470,0.8124973850643207
19471,0.4737611329699181
19472,0.004532162730879171
19473,0.006507279319468753
19474,0.07638671455520027
19475,0.4057717166413252
19476,0.7733715370750127
19477,0.015660863595498325
19478,0.012864327746682678
19479,0.012715221062623011
19480,0.8215223584942322
19481,0.37437050309593156
19482,0.2987328053861442
19483,0.9213941755341101
19484,0.5813179379229935
19485,0.5981172788593755
19486,0.01705192037402379
19487,0.02129337920596843
19488,0.9396218475182136
19489,0.007367901512238148
19490,0.010876617335883177
19491,0.09233841596483613
19492,0.021078714427854812
19493,0.10867894104213235
19494,0.0031090540913334148
19495,0.03028912517794996
19496,0.2389983356407244
19497,0.4262734364315437
19498,0.011705680322708745
19499,0.3585108329112894
19500,0.7547668026343165
19501,0.09569960565522445
19502,0.0073564089037093695
19503,0.025744267401385877
19504,0.31243609202950107
19505,0.019862680080963514
19506,0.01857228258714502
19507,0.008497688236076113
19508,0.02963001872284504
19509,0.5961615002531818
19510,0.7710816747644981
19511,0.0228770577745952
19512,0.0036897728643730627
19513,0.015020490176752974
19514,0.7235638214437343
19515,0.04544466283472391
19516,0.014301352537863478
19517,0.5141302347893625
19518,0.7379906736814638
19519,0.03322923178515529
19520,0.03976632815106421
19521,0.00410853909874728
19522,0.02126293698776927
19523,0.015606198141155095
19524,0.7621471720828372
19525,0.5071635877890578
19526,0.048915673660753264
19527,0.27628095304376726
19528,0.054903388376280955
19529,0.006026002398017184
19530,0.4748251913152461
19531,0.015231379991023542
19532,0.754252453605244
19533,0.0853497579420538
19534,0.6524248157279816
19535,0.5385558595994203
19536,0.7812221396722735
19537,0.14484701218969434
19538,0.2785853864252663
19539,0.6636054895191775
19540,0.043141178436366785
19541,0.5113640222617858
19542,0.46085097737235503
19543,0.8120437908820831
19544,0.047735763823584534
19545,0.5535610644552832
19546,0.4649663560446701
19547,0.42004569155111127
19548,0.4878034732309896
19549,0.2685806634233609
19550,0.1905847160529369
19551,0.853150706809306
19552,0.013052928989266474
19553,0.008943663995653849
19554,0.008162281935562917
19555,0.022862386759206987
19556,0.006011302746943566
19557,0.6188883524725324
19558,0.6544677315153717
19559,0.4329657171979185
19560,0.9370019805159613
19561,0.04240296787790285
19562,0.007550044698684184
19563,0.012340860093327544
19564,0.005176303214982825
19565,0.9162381921385783
19566,0.758945224026904
19567,0.24548548316204738
19568,0.012524629904118272
19569,0.033220805347323225
19570,0.017864447290782945
19571,0.6404453611386121
19572,0.009253972344548047
19573,0.20482708129819774
19574,0.5593190945801635
19575,0.3828931597107938
19576,0.8950682336813028
19577,0.5409938188928903
19578,0.5399059999012912
19579,0.3703862593221308
19580,0.12147928702849384
19581,0.6078375933181367
19582,0.6452535633428698
19583,0.517212312421015
19584,0.648338476171237
19585,0.5732364296391694
19586,0.8469237196600738
19587,0.8876582322013936
19588,0.5452638118143736
19589,0.7296697944678097
19590,0.11195618845858839
19591,0.3129599537389911
19592,0.18612393403226493
19593,0.5287096617452747
19594,0.5124328687108376
19595,0.021442121712366025
19596,0.8619117126985846
19597,0.7330206713913449
19598,0.4675010702388706
19599,0.05530209673389947
19600,0.014234956841435437
19601,0.024002813425477772
19602,0.40175964183239365
19603,0.6947948662411727
19604,0.012816413483920258
19605,0.36766296897729783
19606,0.01103365953313343
19607,0.06170034046575897
19608,0.46923214051941065
19609,0.6647178810001231
19610,0.7230647086199874
19611,0.01711259466324877
19612,0.42099806115066535
19613,0.7052363139569103
19614,0.33185422404270354
19615,0.5686027027687597
19616,0.00402311246081779
19617,0.026989677150262896
19618,0.01781670347661786
19619,0.5497434232843188
19620,0.7035752238198518
19621,0.6884683728650144
19622,0.503643941618604
19623,0.02145901251663221
19624,0.09336168381012094
19625,0.7993184208088775
19626,0.6260009101152324
19627,0.7084916568334944
19628,0.013006610286269399
19629,0.7878552332656941
19630,0.028525150758216763
19631,0.4586227179296094
19632,0.2255968527080092
19633,0.3893753782030806
19634,0.631331228537645
19635,0.6997005213963525
19636,0.25783103338438035
19637,0.042900812891593997
19638,0.03291179121151264
19639,0.05164062768230222
19640,0.534419203288
19641,0.06654569141177666
19642,0.7718965667147837
19643,0.010015947222359092
19644,0.39322452799937807
19645,0.2895510186360084
19646,0.05582063286521265
19647,0.016842078582421902
19648,0.25475735546828676
19649,0.04858990458601169
19650,0.3155365526859817
19651,0.3822125918951954
19652,0.7165371971052642
19653,0.5179747737009311
19654,0.7516382258509461
19655,0.8275257240692708
19656,0.4513656289765054
19657,0.0044128329287807
19658,0.6967930694659364
19659,0.7894570384514618
19660,0.6137307643048748
19661,0.00728525487651235
19662,0.4035059998277251
19663,0.005817666280391267
19664,0.2728543966849196
19665,0.016773400979925312
19666,0.6060834471336033
19667,0.47613531413337673
19668,0.7153683689407973
19669,0.25024765572715507
19670,0.8056055717771827
19671,0.3565971380419286
19672,0.46365399934475027
19673,0.7970199252702473
19674,0.01949341182206621
19675,0.3246540437506521
19676,0.545109012708484
19677,0.017592116868051372
19678,0.012305781990164357
19679,0.5705989936887625
19680,0.779868315020259
19681,0.010843788773174809
19682,0.786612244115284
19683,0.7725636015747384
19684,0.0328958053773846
19685,0.01380512230055051
19686,0.025851425174507725
19687,0.5126000132714219
19688,0.47291461693376663
19689,0.5437879703256955
19690,0.7407768634985628
19691,0.2041844772682086
19692,0.3333242109990104
19693,0.4592366072912179
19694,0.015365376907000032
19695,0.013640427222564831
19696,0.0306183230806302
19697,0.8697254261829922
19698,0.08574864218979393
19699,0.6955797625175498
19700,0.01521947495082233
19701,0.008481133720252427
19702,0.6616202299135098
19703,0.6041608769349927
19704,0.5601588170754345
19705,0.27636954568297256
19706,0.2479852583466787
19707,0.7550405760134216
19708,0.6582423524877576
19709,0.04634220352103717
19710,0.03444744369440565
19711,0.4075690975197574
19712,0.8701366348574868
19713,0.5021748327817137
19714,0.09533805977704024
19715,0.3544887918065788
19716,0.7687524563461996
19717,0.8550621628023599
19718,0.3107945697981753
19719,0.5628417877552452
19720,0.701759202330736
19721,0.009474262694998256
19722,0.04494286541233888
19723,0.8151168590410208
19724,0.5446272428802807
19725,0.7084765176305187
19726,0.01439084085083281
19727,0.4166296561155616
19728,0.0032846794547365527
19729,0.8482546526355007
19730,0.27896951475501985
19731,0.2952583816777475
19732,0.7940783355338634
19733,0.006048898333308342
19734,0.25655313115773215
19735,0.028186445517615344
19736,0.048101823291024165
19737,0.04365233398026231
19738,0.7221933543656512
19739,0.7256008276352534
19740,0.6174345677754105
19741,0.541896654398847
19742,0.5224034209901487
19743,0.06936050265949838
19744,0.007556911118922992
19745,0.5028132781943505
19746,0.020450882885066586
19747,0.14428888754204033
19748,0.45896032710830176
19749,0.02437365798853654
19750,0.30594360599897513
19751,0.06879350768663484
19752,0.8274575226508111
19753,0.5189121041995037
19754,0.05325614788916836
19755,0.5993800535176691
19756,0.7489157530387107
19757,0.07330479327826483
19758,0.009689393024848553
19759,0.0035865922790337956
19760,0.8729258219354272
19761,0.278845947853359
19762,0.01465132180166794
19763,0.6671901910246794
19764,0.007845509143295652
19765,0.013288707131497043
19766,0.8933299240370819
19767,0.5828178583362725
19768,0.04333654410983682
19769,0.46056172374895155
19770,0.03575360240204192
19771,0.7202346903764867
19772,0.3477990458013696
19773,0.9005385366323524
19774,0.47653534016587606
19775,0.7130719814397596
19776,0.008490111541736494
19777,0.22183987828226284
19778,0.009955416091262067
19779,0.8246975506477094
19780,0.5364374655652486
19781,0.03495380237061088
19782,0.7408378269377892
19783,0.030858220001177418
19784,0.08893467065507005
19785,0.7700533635218962
19786,0.8055129527370538
19787,0.01172771912511236
19788,0.7549920976302408
19789,0.3626957461058619
19790,0.24984508672109856
19791,0.8321154505315689
19792,0.740889998887434
19793,0.6560894257916969
19794,0.010530510963627357
19795,0.8895969685319949
19796,0.0937515737923657
19797,0.011508349087858272
19798,0.48236194419486117
19799,0.6612299414843993
19800,0.02640993454293149
19801,0.8491479438320383
19802,0.9456741648615931
19803,0.05389968084371738
19804,0.01497726587281973
19805,0.566512364110282
19806,0.6328188293362983
19807,0.6325157173842473
19808,0.02212798353186612
19809,0.017732722713475996
19810,0.021114054731656468
19811,0.02773134317123927
19812,0.02483517368058375
19813,0.058796779795753026
19814,0.01462748034884356
19815,0.05268565915150964
19816,0.020889685777998563
19817,0.8105794762164089
19818,0.3555369934053052
19819,0.18836756759684525
19820,0.012816473668586147
19821,0.844761138280738
19822,0.019939873529409274
19823,0.8200599499970146
19824,0.6918087796621953
19825,0.018511508190469417
19826,0.00458422920900928
19827,0.5149086824339989
19828,0.020637003310618355
19829,0.014646426538360334
19830,0.8278990669126172
19831,0.5772652162519639
19832,0.6469381034806465
19833,0.010658541698824261
19834,0.016372451413682237
19835,0.7222863276341341
19836,0.3967408408471051
19837,0.855145644396763
19838,0.6421421929523489
19839,0.37283751864616904
19840,0.6129164428674385
19841,0.8306032440763969
19842,0.14391629208218382
19843,0.006424227526765628
19844,0.37051242720992583
19845,0.03162543389604318
19846,0.010999698102411954
19847,0.3454200408211988
19848,0.6228261381209327
19849,0.4797273384190014
19850,0.5214591177735987
19851,0.005073920289797459
19852,0.009111879849480347
19853,0.7965947469585883
19854,0.7650086110901905
19855,0.6165919690372056
19856,0.2538043751893788
19857,0.5557965026358253
19858,0.7369690180564104
19859,0.8789218729216941
19860,0.513079216256322
19861,0.02501416334296585
19862,0.8794873094786935
19863,0.05438990179476919
19864,0.7758764857607554
19865,0.04662693647364065
19866,0.7477938672694212
19867,0.011832029470863146
19868,0.8574824597425241
19869,0.8767270402205669
19870,0.3012544336336367
19871,0.7522565692113066
19872,0.8990149700999303
19873,0.9081656788938173
19874,0.4425118885964376
19875,0.39431202519824127
19876,0.7387767845917914
19877,0.0557925392002794
19878,0.15423893403337313
19879,0.0031909662029755946
19880,0.6490507491242421
19881,0.005909381095144454
19882,0.3812182295023274
19883,0.7388322389092544
19884,0.11788295809483254
19885,0.5045965185639008
19886,0.02760174874695438
19887,0.02423848526923846
19888,0.8186817342324908
19889,0.028044007908368123
19890,0.5867533690321212
19891,0.012586167829814253
19892,0.014073816710040028
19893,0.024075407976958056
19894,0.7775119902527231
19895,0.07746772441060099
19896,0.9293911154593424
19897,0.7603130221622545
19898,0.06018446684410007
19899,0.7744953049437431
19900,0.015570093796924943
19901,0.8343403233915965
19902,0.4438772134711856
19903,0.03873779208404655
19904,0.03173466619327737
19905,0.727834230806802
19906,0.8169948425171697
19907,0.5954789104628199
19908,0.5333611701350063
19909,0.01936452110819997
19910,0.06253119749277503
19911,0.004980826992985111
19912,0.6762320946423568
19913,0.23902227182134023
19914,0.02226582055412628
19915,0.7068714000478552
19916,0.6181746489955642
19917,0.6924467616071314
19918,0.8686129419737098
19919,0.010168872677378532
19920,0.05246037576835482
19921,0.015339521145654246
19922,0.013873482176431055
19923,0.02101501922287212
19924,0.9158336687803604
19925,0.2153709942695772
19926,0.8792289799524504
19927,0.3773809693257849
19928,0.7381404147927999
19929,0.7216155568042836
19930,0.027433422882680938
19931,0.009216667306076655
19932,0.019435551282695366
19933,0.7950668075753661
19934,0.1829443622846955
19935,0.5119244554865965
19936,0.6719796528593129
19937,0.05009747850265156
19938,0.01014596662967508
19939,0.017950522448515666
19940,0.73523719029039
19941,0.5127190897129437
19942,0.7633300540313194
19943,0.13864916947876407
19944,0.01096578419106092
19945,0.5725579389304916
19946,0.6626450817465991
19947,0.35826701443286496
19948,0.8501190172462195
19949,0.021230128372594612
19950,0.5732222756233321
19951,0.009405855830156757
19952,0.5631325600127368
19953,0.8710852715253131
19954,0.7116923831141125
19955,0.3553582373326514
19956,0.031603237310658575
19957,0.4972696186202655
19958,0.004075364765050205
19959,0.5186770894689721
19960,0.5535832929394487
19961,0.5327101364819281
19962,0.004674051446556289
19963,0.45524670161766595
19964,0.007524674394803919
19965,0.008787830292006847
19966,0.09879948137569523
19967,0.008375475449557065
19968,0.02803158145819147
19969,0.038070768327888076
19970,0.8780153881431074
19971,0.04163165838477261
19972,0.9394325064691809
19973,0.5962114851751115
19974,0.6693432343045719
19975,0.02935607229645854
19976,0.18402384462934193
19977,0.29621920029115395
19978,0.8253386513885395
19979,0.6651642825885998
19980,0.8061957105182392
19981,0.7006608507846445
19982,0.21664050812375327
19983,0.2641044481051778
19984,0.0342342821154371
19985,0.11378955687182699
19986,0.8706776512349818
19987,0.681551470744428
19988,0.006712880709010074
19989,0.014399317685478048
19990,0.7158389384532079
19991,0.42834675429777125
19992,0.06252265220241011
19993,0.0073306109169738185
19994,0.1910863778542394
19995,0.7962763542199203
19996,0.7179510356002345
19997,0.6548327080978802
19998,0.02740487457334036
19999,0.20404719875378918
20000,0.055097465671807205
20001,0.05416776377534745
20002,0.08970591794308076
20003,0.00931407700189984
20004,0.045004833678929226
20005,0.8328022762285435
20006,0.5484813854721623
20007,0.7052381288545824
20008,0.6388831078034601
20009,0.8436488954837211
20010,0.6490254210190379
20011,0.5079364938531253
20012,0.8544458933926533
20013,0.05276578578341923
20014,0.08086214793972521
20015,0.6479169911031559
20016,0.03716324089379267
20017,0.02147906677072498
20018,0.5160129475706777
20019,0.39503660575011257
20020,0.7059163135426977
20021,0.032084193428777795
20022,0.00555682551285546
20023,0.33348480021215277
20024,0.011879472607903913
20025,0.8662510251431488
20026,0.7085950373476957
20027,0.7763089138133225
20028,0.29439473174219427
20029,0.151695812554144
20030,0.005681909726218236
20031,0.5589931155273196
20032,0.496258143935148
20033,0.6558036332083464
20034,0.21352389773998415
20035,0.7678505682189831
20036,0.4185785200894743
20037,0.9329989580472724
20038,0.678131593161159
20039,0.20715397795985846
20040,0.047040686251701436
20041,0.7266300798146543
20042,0.5415688693303036
20043,0.6338271250300145
20044,0.05825232519179345
20045,0.10083408741705394
20046,0.7957932229370647
20047,0.7156651456620875
20048,0.6204956598279119
20049,0.16524037311269174
20050,0.04608004829620105
20051,0.7212971525039064
20052,0.1619684445701717
20053,0.7949876654503881
20054,0.0250105046800094
20055,0.33643263755225206
20056,0.003219899916181959
20057,0.3671126984363725
20058,0.014520095508152222
20059,0.37263681386501285
20060,0.007680291644067662
20061,0.8679406143055283
20062,0.23225815576230172
20063,0.016317664599476166
20064,0.04395771496047089
20065,0.2975704329302817
20066,0.015242094117757026
20067,0.5028700540435505
20068,0.03154287908895719
20069,0.143424922829471
20070,0.5569828849399349
20071,0.20007531801958878
20072,0.02382918233352347
20073,0.34067883961881573
20074,0.023725007673075144
20075,0.4801314450501429
20076,0.5481692937799152
20077,0.01809687821570675
20078,0.026013600828570117
20079,0.7782911538518931
20080,0.0051047803041839234
20081,0.6423571855199256
20082,0.02798143171093413
20083,0.04667258918966796
20084,0.054064098877048695
20085,0.02595553350901191
20086,0.7172764380338147
20087,0.04583376224472243
20088,0.6149414518809094
20089,0.016826123799926044
20090,0.928030954025962
20091,0.004240279108465267
20092,0.02848714005778375
20093,0.7046903205155657
20094,0.019958099853543063
20095,0.9293736163477397
20096,0.01226254126091096
20097,0.27143871029937544
20098,0.6518914316485578
20099,0.028602255544901853
20100,0.014094842884993707
20101,0.9261060534490645
20102,0.4497392141385984
20103,0.7730889709632582
20104,0.9074236149675368
20105,0.7215278121944563
20106,0.0062676225839528674
20107,0.6751221791834457
20108,0.015958713595706196
20109,0.013143459941643346
20110,0.22653896013872674
20111,0.797118724401906
20112,0.8624523042026141
20113,0.5729681619571352
20114,0.8798597003969437
20115,0.01846661877660831
20116,0.6209740584109191
20117,0.7293550983662785
20118,0.007605451010827116
20119,0.8252301447988225
20120,0.38204396472096763
20121,0.4140151830060007
20122,0.6939462842885868
20123,0.509618552197131
20124,0.08231651787809548
20125,0.07048609384439512
20126,0.8763881339782411
20127,0.5854306346007873
20128,0.05574571878929302
20129,0.5522822668167551
20130,0.1370007821069075
20131,0.6865751867721153
20132,0.027931703701108573
20133,0.6979540799575913
20134,0.020626300630303334
20135,0.03530448268379752
20136,0.7229290755165032
20137,0.009390625775684206
20138,0.012451698831874141
20139,0.9530472928690457
20140,0.01968655258542085
20141,0.4375616846858329
20142,0.6304737089808224
20143,0.734046652556049
20144,0.04199905238925593
20145,0.7738836204242777
20146,0.008581623258733325
20147,0.022800957838869734
20148,0.7012520460692582
20149,0.6435832706634347
20150,0.009296388337214356
20151,0.010108360975225439
20152,0.017536643073543856
20153,0.042938087055791295
20154,0.3752521428541473
20155,0.3197314969702188
20156,0.6851087416369317
20157,0.6622765107378384
20158,0.15202077860889193
20159,0.2950179389801902
20160,0.883284580041178
20161,0.8642344721314426
20162,0.7148933390099438
20163,0.006734104672102513
20164,0.010071186098203152
20165,0.32140375590181325
20166,0.3967315102654843
20167,0.7603179876434392
20168,0.018833793093910277
20169,0.9223374649025649
20170,0.8026382849116156
20171,0.7482253491342088
20172,0.672831641005692
20173,0.0048214595718186
20174,0.06569776656520296
20175,0.13771749996860796
20176,0.6621139663785975
20177,0.3850027610807685
20178,0.032775204724493676
20179,0.00265756522719565
20180,0.8120971638794603
20181,0.5067389065809518
20182,0.4961059554594562
20183,0.03820929291197673
20184,0.6860816737172808
20185,0.004932976328078639
20186,0.0032171691386496935
20187,0.5245993129014909
20188,0.6435825011395085
20189,0.8002898313653972
20190,0.13906405190676682
20191,0.9136527809576778
20192,0.011403707503477255
20193,0.1488061739977521
20194,0.015433951669290857
20195,0.011346940957769768
20196,0.00953180568603503
20197,0.7078329159454222
20198,0.20502636975092087
20199,0.4139092319786302
20200,0.005037491276272885
20201,0.07681724955582528
20202,0.7935525225112157
20203,0.4201200119689557
20204,0.3039315548178311
20205,0.016053347587702722
20206,0.009234744640321424
20207,0.026300029621257152
20208,0.5731375898127297
20209,0.15455978466497894
20210,0.2635822575361261
20211,0.8534272038919921
20212,0.02768217507203595
20213,0.8899292958942399
20214,0.11036877082028201
20215,0.5248108275113553
20216,0.19117928977502668
20217,0.01722539643755389
20218,0.6773586169759056
20219,0.0384415855956358
20220,0.7329874507985087
20221,0.4654721911092625
20222,0.5641094160267219
20223,0.7524282229930688
20224,0.030420665910444636
20225,0.5816598339355661
20226,0.17696017858496255
20227,0.31511680454798646
20228,0.33733077655050003
20229,0.8512098402247985
20230,0.31608059788522347
20231,0.5952335402668187
20232,0.0210760767184831
20233,0.40346933089805975
20234,0.2925488197421122
20235,0.02450689890204265
20236,0.01070599797209612
20237,0.008088705445418402
20238,0.8347068481107975
20239,0.33648804552596334
20240,0.012922032030294133
20241,0.4691634177464301
20242,0.7256406965470859
20243,0.014429098518400636
20244,0.01864008309554544
20245,0.48324271142364456
20246,0.48692420525990293
20247,0.877804902301988
20248,0.03486859482118621
20249,0.015901511315678525
20250,0.012297643882000674
20251,0.017937569132046735
20252,0.3689754074749897
20253,0.7995004541057665
20254,0.21806445022535853
20255,0.013363634654197487
20256,0.8910351627555236
20257,0.7280584748294312
20258,0.6305979449138784
20259,0.029617955028573714
20260,0.07922428095879172
20261,0.9440232907381
20262,0.007151195879069897
20263,0.7037221120632025
20264,0.025910121864732353
20265,0.3517268729489563
20266,0.6820920473477565
20267,0.6607930593739324
20268,0.5477866611358141
20269,0.007375023164021071
20270,0.008251846206987058
20271,0.036519374718729715
20272,0.7204448580976069
20273,0.6455742444961747
20274,0.6358663658536967
20275,0.00502380864899625
20276,0.5716713230217041
20277,0.020149721506980058
20278,0.5684668597533632
20279,0.6871747889381807
20280,0.22134751504040193
20281,0.6342712416983499
20282,0.3699655593379537
20283,0.4990168836312126
20284,0.23754443239879122
20285,0.03557821091639666
20286,0.48319886631291553
20287,0.04687426773234291
20288,0.351181524942683
20289,0.8406282409624639
20290,0.6291834103881558
20291,0.44037535357129737
20292,0.33208956555578206
20293,0.6851552158293474
20294,0.016295504784385646
20295,0.673128579272246
20296,0.010152575235241464
20297,0.35930884251117545
20298,0.70099070504782
20299,0.6406983496600706
20300,0.6800053074134829
20301,0.848328118425651
20302,0.5226888946408584
20303,0.2186009184560698
20304,0.042251127999749484
20305,0.47561151650886824
20306,0.7364778984934219
20307,0.8280588840266222
20308,0.010540646869507356
20309,0.8895822091085208
20310,0.014267555396020558
20311,0.36695305497480785
20312,0.02306974023035733
20313,0.8040841911087877
20314,0.0783325968089747
20315,0.6845654284225466
20316,0.9111831677537878
20317,0.004356027183753117
20318,0.35874647773833507
20319,0.04171684548179641
20320,0.24389883547728222
20321,0.06618186987771899
20322,0.7124516172774163
20323,0.7650239716628121
20324,0.009069098014566273
20325,0.005425320612255464
20326,0.3085055555282689
20327,0.2093000733494315
20328,0.04049474730846525
20329,0.003623368765818927
20330,0.32726683600033596
20331,0.390461281909901
20332,0.6665280690962563
20333,0.3249120267950142
20334,0.7597910820843764
20335,0.35405571395643987
20336,0.4326773337104089
20337,0.015920352114085438
20338,0.381993616684126
20339,0.7537923642256444
20340,0.4858016137091085
20341,0.9092876563587611
20342,0.6725071303383855
20343,0.8471439587055126
20344,0.7504067377085787
20345,0.5838816832810672
20346,0.42367838044855705
20347,0.004380345417134359
20348,0.8301131543925824
20349,0.20615564873135958
20350,0.004904079784045955
20351,0.46495213644361183
20352,0.4064005998659382
20353,0.5843489101984944
20354,0.8764924211653508
20355,0.01399555794502801
20356,0.4662896556580852
20357,0.9076721987495123
20358,0.0699935581539088
20359,0.39089999655759583
20360,0.4667950751999451
20361,0.012197295499111048
20362,0.7110423927851822
20363,0.547762508109658
20364,0.5077431255257404
20365,0.8014420092605259
20366,0.7924138274423087
20367,0.4586964483654497
20368,0.7614822243632976
20369,0.006667317333330851
20370,0.7353076097348763
20371,0.03249944299141636
20372,0.36130375924946107
20373,0.3502567535486332
20374,0.7697067461800774
20375,0.8039823777252472
20376,0.6144148338440691
20377,0.26383970526948064
20378,0.7799408194450712
20379,0.021809999126953056
20380,0.006259403150517976
20381,0.012153279190240724
20382,0.04438601748610851
20383,0.2950601361396072
20384,0.8433159936791036
20385,0.7478794487720691
20386,0.8113445870687511
20387,0.24213737988360765
20388,0.5589849355694008
20389,0.01645103526633904
20390,0.4116078624257688
20391,0.8127531596477702
20392,0.14373096847055425
20393,0.004418204416039797
20394,0.054959772797256536
20395,0.4205150188077564
20396,0.6012326857654245
20397,0.9428088248027283
20398,0.8418542733912147
20399,0.40601240114273973
20400,0.0038131686941048418
20401,0.018632508526314196
20402,0.6277093474647761
20403,0.5101174964733077
20404,0.46744417110938363
20405,0.867735820022903
20406,0.5502193070450356
20407,0.0314186509663767
20408,0.7467637811723951
20409,0.7920234464897266
20410,0.012295042263132789
20411,0.045900553707287704
20412,0.013108228519174958
20413,0.15735346605222636
20414,0.014009190431738651
20415,0.8249722119713656
20416,0.5970731687654097
20417,0.05826034692331651
20418,0.41497591847518717
20419,0.011246554053727036
20420,0.5406310127609194
20421,0.008591344588587319
20422,0.3168013052443655
20423,0.460473066733497
20424,0.021869471222149262
20425,0.9117065531691906
20426,0.7502048100868195
20427,0.6517637417742093
20428,0.03775879866532614
20429,0.01593919416714749
20430,0.013312836515231926
20431,0.6947728134878347
20432,0.30250129111158214
20433,0.5203651835769113
20434,0.6114288923953058
20435,0.47409760718002425
20436,0.7524690397021739
20437,0.6224019767747
20438,0.6062588191027253
20439,0.052781128585962095
20440,0.0037502258345162177
20441,0.017500384152880938
20442,0.5716065620169452
20443,0.009264940468503251
20444,0.5205403147921182
20445,0.39219197232007186
20446,0.012843145083971922
20447,0.013524911787841255
20448,0.03410394591160897
20449,0.7226320401518037
20450,0.29443807715831233
20451,0.1681245769270988
20452,0.5439124442562904
20453,0.8376872386363552
20454,0.409996790988644
20455,0.17937496845621997
20456,0.8684562877194195
20457,0.7497171552624348
20458,0.6317781723171286
20459,0.47296984859043856
20460,0.7214550877601376
20461,0.009688736815291317
20462,0.8737955005311775
20463,0.6203039405893178
20464,0.06997864602915248
20465,0.67834577236793
20466,0.5365614850905843
20467,0.08325270751607548
20468,0.005041031050158793
20469,0.8012682290097581
20470,0.004607448375316994
20471,0.4873839320775834
20472,0.6518144158145915
20473,0.7754668802461405
20474,0.07393643166468679
20475,0.042729490598116746
20476,0.08121477894818889
20477,0.8023328990855457
20478,0.024434573814470596
20479,0.8539522463390772
20480,0.33749274240369975
20481,0.6476873771901727
20482,0.578437394756709
20483,0.004488841298267601
20484,0.31637587177739573
20485,0.014634056091636958
20486,0.6208294784356676
20487,0.013609870973616165
20488,0.0031877906273660036
20489,0.0476993638280995
20490,0.6864568643523928
20491,0.36280556898051447
20492,0.9450970662406675
20493,0.0035352517572397896
20494,0.011302664365717847
20495,0.8853566959635082
20496,0.009627115070135537
20497,0.6873126306956245
20498,0.877581874531331
20499,0.6704808369564031
20500,0.701695275137276
20501,0.031851944584907727
20502,0.02140344813948347
20503,0.7624776407262228
20504,0.8302752071783266
20505,0.7465304905843252
20506,0.6691924201239527
20507,0.5758450661784302
20508,0.01765686285794051
20509,0.6387730886480684
20510,0.2245587951869161
20511,0.9217227904866636
20512,0.578591027115096
20513,0.8091492118282453
20514,0.014150753084631448
20515,0.004822819935952912
20516,0.049005221927603516
20517,0.019148121924839855
20518,0.011718911775454238
20519,0.013256562426794655
20520,0.6948300174123168
20521,0.00622135708137982
20522,0.007254126268414434
20523,0.7503874668532461
20524,0.019239561935577798
20525,0.8010537270671966
20526,0.05607211670016021
20527,0.9369885239242535
20528,0.6720916079158203
20529,0.013431584863955641
20530,0.4372838525282549
20531,0.7667833344157652
20532,0.03735571709996663
20533,0.20680087327344215
20534,0.01395531496064501
20535,0.3901339337679475
20536,0.029039626802996567
20537,0.06657802661743609
20538,0.6436146471078134
20539,0.006271296534424536
20540,0.5793678174484278
20541,0.6527670729427122
20542,0.6154317420093549
20543,0.47163238608140745
20544,0.010426035098595778
20545,0.5331018909448447
20546,0.40773206921981026
20547,0.02392543408407368
20548,0.5909413094445766
20549,0.28599258313850145
20550,0.4869322175366526
20551,0.8765331007927427
20552,0.8595162595352684
20553,0.6158079125748507
20554,0.45260785439819373
20555,0.6676302157623092
20556,0.01937618861109963
20557,0.40974150436911394
20558,0.7941601816120842
20559,0.39314231428713914
20560,0.3599978008178945
20561,0.01373720008373629
20562,0.858550761355081
20563,0.8520287240239796
20564,0.5703408708393928
20565,0.7064937663157859
20566,0.03650560093587485
20567,0.011728987011372757
20568,0.0042725490845943485
20569,0.012679643948871814
20570,0.002904790085130487
20571,0.4785164074214617
20572,0.5165203323590746
20573,0.00907736674080238
20574,0.009842541975014225
20575,0.5239545397992281
20576,0.011811031674728429
20577,0.06400427796429635
20578,0.05514297900258107
20579,0.5182870851787468
20580,0.6574933491386794
20581,0.008613802754435585
20582,0.11672321796784374
20583,0.05404202159210404
20584,0.2173864873964589
20585,0.4705417680162103
20586,0.8749676975670038
20587,0.8026578182750947
20588,0.6497259989690926
20589,0.003971576186289407
20590,0.7846695802004662
20591,0.005013148873681284
20592,0.025841026174098888
20593,0.7537474360311809
20594,0.4426609538140135
20595,0.018869217130622833
20596,0.03660320589826017
20597,0.00927414486719189
20598,0.012927881169112844
20599,0.23144354542709403
20600,0.7013728679381095
20601,0.009990093522873576
20602,0.07192578240821784
20603,0.46297877705743984
20604,0.5200805067909116
20605,0.5388776180066547
20606,0.009173796834118716
20607,0.02333870045049113
20608,0.013574366651368188
20609,0.005390570119784048
20610,0.007729931797128174
20611,0.29046934397107305
20612,0.18633305897921917
20613,0.013501306925226962
20614,0.09486048872222008
20615,0.7011885740711397
20616,0.010892788674393633
20617,0.009706896202220096
20618,0.6192304501777408
20619,0.8074564757705615
20620,0.6338964522885453
20621,0.025933716025684506
20622,0.2692004675001259
20623,0.010697023646096938
20624,0.4807640243464302
20625,0.8912822422602198
20626,0.7326565743452734
20627,0.04523730571276592
20628,0.025005136440786623
20629,0.3341879066643441
20630,0.48621944545060714
20631,0.6659004105438114
20632,0.2514712273265331
20633,0.9071860985275378
20634,0.0158942914575303
20635,0.23061895139034863
20636,0.02060579213360569
20637,0.6730217937031512
20638,0.7997744663681539
20639,0.8495484291572355
20640,0.46310178835258153
20641,0.39908644759342055
20642,0.006209764244283293
20643,0.07312605224315373
20644,0.33525588502568976
20645,0.006451630902576764
20646,0.36863608763673095
20647,0.5964905252793123
20648,0.007154414931831625
20649,0.018346492517649388
20650,0.39296105004680126
20651,0.3371729130565582
20652,0.4633992223078676
20653,0.8566095975186002
20654,0.029653857039868795
20655,0.011074930697191197
20656,0.730199345516153
20657,0.7121276299631167
20658,0.5102347069869915
20659,0.35925199373055233
20660,0.6992346040060753
20661,0.006292088527039928
20662,0.5852077308201046
20663,0.6196079668205278
20664,0.020129709554438296
20665,0.009489428695478285
20666,0.5338790451849378
20667,0.24676644173209203
20668,0.8295023550585177
20669,0.34103294601838385
20670,0.632958460151515
20671,0.07537634819148643
20672,0.7710878997088089
20673,0.6047126944981531
20674,0.003249501196322876
20675,0.6926595102537081
20676,0.016836527515233946
20677,0.004590256543578165
20678,0.6603806160745268
20679,0.008303709509728393
20680,0.7661953644363422
20681,0.01193479577823088
20682,0.013262449304608476
20683,0.2745428354590787
20684,0.49220777837710133
20685,0.009530390752902532
20686,0.017480280618331432
20687,0.7579802328813058
20688,0.7492946650866269
20689,0.03307734973168852
20690,0.5107037061595712
20691,0.8587278684670964
20692,0.8508043406306347
20693,0.6311124877595381
20694,0.02181503893603341
20695,0.8780845903795317
20696,0.060476979390165296
20697,0.5844656102585688
20698,0.49261161647647195
20699,0.009966689075953012
20700,0.9438194109505406
20701,0.017034729112183736
20702,0.8235163787029982
20703,0.4219400954309378
20704,0.009744373486831083
20705,0.036036203544114985
20706,0.8119670859805949
20707,0.03663383215567932
20708,0.003213365756134604
20709,0.6242043520013767
20710,0.9461672893156198
20711,0.45623758279260446
20712,0.008486463890353254
20713,0.452374822435192
20714,0.7773493678347144
20715,0.45834023632099347
20716,0.0082864602360805
20717,0.35293814786957356
20718,0.902482417842908
20719,0.003992905482297228
20720,0.004816425161883686
20721,0.5831210213504288
20722,0.19291322424286192
20723,0.5556755487005995
20724,0.8418268775089299
20725,0.010901547493231559
20726,0.08894256892362681
20727,0.035616421900013594
20728,0.4034991082949821
20729,0.01630684049335653
20730,0.657388620140274
20731,0.00690586160555268
20732,0.7109945958867497
20733,0.011550897473862395
20734,0.011113930542819877
20735,0.7019638158294998
20736,0.658487300982378
20737,0.43680040576632223
20738,0.3032926246097311
20739,0.48672398811938256
20740,0.022265016918605857
20741,0.01260486010652578
20742,0.08995836903713425
20743,0.00906166149635801
20744,0.08576006938680258
20745,0.05153616024365002
20746,0.3891020353346913
20747,0.605255042166785
20748,0.078317608068874
20749,0.01910988899477121
20750,0.6013515297493708
20751,0.669562708501088
20752,0.15391488245849988
20753,0.014276494451065474
20754,0.014564331412695994
20755,0.5447822351750131
20756,0.5473985873230568
20757,0.8087995956371629
20758,0.008046237686310423
20759,0.3067268119015094
20760,0.9668982656439776
20761,0.3414410825419432
20762,0.9170194693889097
20763,0.7076992535180786
20764,0.01417497484506167
20765,0.11187312974013716
20766,0.6067683738876702
20767,0.9159941275712852
20768,0.6250022905902675
20769,0.481292428741594
20770,0.0850473439734251
20771,0.8709149076122372
20772,0.033653471667171496
20773,0.8266503014430986
20774,0.48199868710228494
20775,0.15821327898503434
20776,0.8034817686166408
20777,0.015612394548139893
20778,0.4582483453099664
20779,0.01631366069259864
20780,0.00506254228984007
20781,0.3177039963558766
20782,0.022167428623110663
20783,0.00912657502254261
20784,0.7481816723919554
20785,0.645982563141872
20786,0.030876311779363702
20787,0.8275895642418166
20788,0.5566100998411739
20789,0.032769585012765216
20790,0.01300349029443736
20791,0.26025126978779406
20792,0.35532497381329453
20793,0.7061996483283152
20794,0.5236444892432047
20795,0.7390347908001005
20796,0.43678474110591664
20797,0.01300586266282067
20798,0.58168705995835
20799,0.026618374549482703
20800,0.4759053548915816
20801,0.5776048797465849
20802,0.466532724117045
20803,0.011707354748864616
20804,0.8642777869500544
20805,0.6568062552249685
20806,0.12383582202724258
20807,0.5020314214687566
20808,0.010807979761871856
20809,0.5390948221211709
20810,0.0834490929105939
20811,0.3998931197439517
20812,0.007102958056491949
20813,0.014028878437159902
20814,0.05417856460628393
20815,0.013674240589549816
20816,0.5463786479072927
20817,0.04113052841921057
20818,0.7007805792055608
20819,0.34549540855293465
20820,0.020574594686492337
20821,0.7646700165954144
20822,0.31416181026977613
20823,0.09666356224208018
20824,0.03129333319837501
20825,0.02452539929908054
20826,0.6896741026656531
20827,0.20483396776709015
20828,0.7231674989806641
20829,0.081226632309401
20830,0.013117680285268418
20831,0.6048786839599647
20832,0.11467355886057357
20833,0.21731208771401972
20834,0.0048960861657511645
20835,0.7391324389728459
20836,0.3186301001263698
20837,0.7542686473190325
20838,0.5869744392879952
20839,0.8291940634843065
20840,0.0048631215955979865
20841,0.7782720701543465
20842,0.7703615347426926
20843,0.7079316480325021
20844,0.45532113119707635
20845,0.009508780509425076
20846,0.025385966775100938
20847,0.8079021177478667
20848,0.7382440132145809
20849,0.7967762520150584
20850,0.4784025966871272
20851,0.0037590341462716095
20852,0.4427613097060549
20853,0.874452344397457
20854,0.5358486302261639
20855,0.7431125253164087
20856,0.04134366943620721
20857,0.01013618398267546
20858,0.8291985317744076
20859,0.1297829763897783
20860,0.17711228513940486
20861,0.8927192096392165
20862,0.01656859232963881
20863,0.09625143147050826
20864,0.7005344775159804
20865,0.3300142246976008
20866,0.02539576022808396
20867,0.21300921561045089
20868,0.7579095357189293
20869,0.004211404052621883
20870,0.6861547784775849
20871,0.5243690283118485
20872,0.42737286911802264
20873,0.06169501678974306
20874,0.8919356520573966
20875,0.6676669914451822
20876,0.5654280177722888
20877,0.8720626272611685
20878,0.17574154167244316
20879,0.2684112216741162
20880,0.016257248940016095
20881,0.7601860397525677
20882,0.4240631008940655
20883,0.031643316156829436
20884,0.6250187096095965
20885,0.005527550346261771
20886,0.0025085203178087175
20887,0.3507191037250067
20888,0.8220420299282015
20889,0.34112693631406465
20890,0.5587051457871036
20891,0.031620687268757525
20892,0.31398288301744787
20893,0.21598254005691842
20894,0.02559791676806121
20895,0.006752016178950623
20896,0.016868679291125174
20897,0.05619630162850255
20898,0.016924140533498402
20899,0.055878519507662795
20900,0.007196770091966844
20901,0.015433775491854493
20902,0.40669203205146676
20903,0.01429706895856791
20904,0.007417626381582895
20905,0.02234583254699633
20906,0.5072291875643632
20907,0.8867219534329212
20908,0.01662952810369024
20909,0.39575834637046786
20910,0.02890228702191865
20911,0.5410375789616286
20912,0.004110967385756775
20913,0.0031202597769892037
20914,0.02019327872231343
20915,0.747757056494098
20916,0.06667904029264483
20917,0.012785274740765096
20918,0.5425560457389424
20919,0.22519397273860536
20920,0.6556440123785858
20921,0.6124259395912959
20922,0.37020822538673087
20923,0.030829653006914596
20924,0.009986000092568007
20925,0.21555743312298425
20926,0.07220762698114394
20927,0.005891089819025936
20928,0.3008865048421411
20929,0.7777017475055827
20930,0.20441921527736706
20931,0.7666995015742906
20932,0.6193257685120017
20933,0.4548221291326955
20934,0.003156500347065859
20935,0.5930360905586443
20936,0.017396964869869688
20937,0.5490960762214542
20938,0.02237654862102185
20939,0.3781368808984603
20940,0.016049056043370025
20941,0.7005127200596143
20942,0.005312308260209869
20943,0.01129176054654002
20944,0.45761934593863474
20945,0.8953517861697506
20946,0.00634639943720347
20947,0.010168559898768784
20948,0.46831776621737836
20949,0.007129314092226222
20950,0.7444911972161812
20951,0.07104364239795702
20952,0.9038659882503278
20953,0.5803511503565609
20954,0.8230457360575358
20955,0.8272657544950945
20956,0.39499860392155606
20957,0.0364720027033494
20958,0.9251270441679061
20959,0.5829031930423321
20960,0.6587850893706074
20961,0.005567902545593315
20962,0.5290363654468632
20963,0.007552240952083332
20964,0.5829494241848989
20965,0.8778712211835797
20966,0.012676946440412357
20967,0.023278580682817573
20968,0.5760061141208896
20969,0.7022213639696445
20970,0.349627885973523
20971,0.3861149328846641
20972,0.49280153208113386
20973,0.5911578892238551
20974,0.0186199310100154
20975,0.01197199417293249
20976,0.8555696582349231
20977,0.19495515612350175
20978,0.26707306587669105
20979,0.881564497723265
20980,0.1939840862853271
20981,0.00384177151839653
20982,0.7971161127025078
20983,0.8148085882015921
20984,0.6978251633245816
20985,0.8905935722921845
20986,0.9180746713899699
20987,0.800848432011344
20988,0.0698307164525477
20989,0.4544573930839676
20990,0.40765004303743957
20991,0.7633930314461074
20992,0.020308709515624152
20993,0.019358889063040067
20994,0.01160990317284089
20995,0.30569106864667
20996,0.524754598241925
20997,0.4489463306117472
20998,0.798144799970573
20999,0.021625789808483318
21000,0.13067240190935736
21001,0.011042616234955643
21002,0.025302259682114175
21003,0.5351347962894658
21004,0.2704285719153407
21005,0.01948745230130925
21006,0.6212086255323214
21007,0.6746453750451565
21008,0.005283338279181063
21009,0.5341802929970857
21010,0.008632000085377227
21011,0.05646166800913935
21012,0.031174892183054127
21013,0.8765759486694904
21014,0.7398728518058367
21015,0.6250964209671928
21016,0.693808207993905
21017,0.8991033478211493
21018,0.7729151566452735
21019,0.6991229198980675
21020,0.014892332000621594
21021,0.005636192370599488
21022,0.0716189490476763
21023,0.00591193643151977
21024,0.4179065579722678
21025,0.34499884067067976
21026,0.38946646445077443
21027,0.6693386023040387
21028,0.011597282278427778
21029,0.6310512338222384
21030,0.22920241455940016
21031,0.3980166610609378
21032,0.01204792446751332
21033,0.005037705540478202
21034,0.04374174305103913
21035,0.8309496718370235
21036,0.0329917525874893
21037,0.024160503003571056
21038,0.01129868783441956
21039,0.39251234699844034
21040,0.020541579396647268
21041,0.5624588876091571
21042,0.8392502454168708
21043,0.36866449877389157
21044,0.005130513403440772
21045,0.6936824778667416
21046,0.00954653378970631
21047,0.02303581308978644
21048,0.03207292556650757
21049,0.8554287250291167
21050,0.5563528354737971
21051,0.7647368612879136
21052,0.6126560341349562
21053,0.5524207751651738
21054,0.5142897045361556
21055,0.49504225903438054
21056,0.35879743123898994
21057,0.006464649205807136
21058,0.5037891471895771
21059,0.023379002521162224
21060,0.01701380731788905
21061,0.5584618987859743
21062,0.016837249989045597
21063,0.023624723854674956
21064,0.536545441241912
21065,0.7483065838228923
21066,0.6956441583318378
21067,0.0396264353877386
21068,0.011533799790896693
21069,0.2559721270947904
21070,0.04182127856451821
21071,0.5815054827001125
21072,0.6198538555819253
21073,0.019143581005722075
21074,0.8446042457483997
21075,0.43015023503326294
21076,0.01743963269008571
21077,0.8603074474496276
21078,0.25914426202347257
21079,0.7283089932213075
21080,0.8036746963009898
21081,0.014500776893468115
21082,0.004891597977519793
21083,0.04862620010180681
21084,0.6483931748257082
21085,0.007476604178879065
21086,0.848110267283247
21087,0.8138347782511892
21088,0.8401855068962664
21089,0.019466325764355846
21090,0.2437981137710992
21091,0.01579157111094368
21092,0.7263455713834579
21093,0.47019975406911785
21094,0.7419632397805314
21095,0.7567739236315341
21096,0.013706155089220875
21097,0.0607671959273342
21098,0.798336405091995
21099,0.024725011162299207
21100,0.5330616616983105
21101,0.7303013642003882
21102,0.011044764704163705
21103,0.010737407153467734
21104,0.8073933384333435
21105,0.1598223789789071
21106,0.014195027408560153
21107,0.4571251565926379
21108,0.780835688416088
21109,0.00634814247650989
21110,0.013715654004365403
21111,0.44641930136491914
21112,0.023521813198083222
21113,0.02640868458795505
21114,0.6208212605659684
21115,0.004099191017821294
21116,0.7567674940290455
21117,0.08141540984410885
21118,0.13268436000846262
21119,0.6507324207589305
21120,0.031109771933887295
21121,0.866571094537558
21122,0.18624587486093758
21123,0.6622458210132302
21124,0.018486024868885752
21125,0.7989681403185932
21126,0.68635464732544
21127,0.02296193603172218
21128,0.7777009568960235
21129,0.03767304433574377
21130,0.6014235603596663
21131,0.825599055261578
21132,0.012115297793580684
21133,0.8019391645712818
21134,0.01694718724113512
21135,0.018692821918521077
21136,0.36694635701581274
21137,0.03595553780848156
21138,0.7531609107017392
21139,0.3031730702805096
21140,0.9111962247213465
21141,0.008276511768549088
21142,0.2561792324153188
21143,0.4634456251758551
21144,0.43193148944795473
21145,0.6002822731114204
21146,0.7013839911422333
21147,0.04442182303187968
21148,0.5220125814044317
21149,0.4090975831093381
21150,0.7841386163342491
21151,0.43401634644879766
21152,0.5345202490216788
21153,0.02888562752005645
21154,0.17377954580858063
21155,0.879903274709985
21156,0.016438230056694154
21157,0.44527947933807505
21158,0.660100385955297
21159,0.9222650539632754
21160,0.6898313685407019
21161,0.773436461796327
21162,0.20255430157082885
21163,0.4779912622995995
21164,0.13568145522339148
21165,0.6474178930377633
21166,0.8626403581872125
21167,0.009752046961805101
21168,0.8712361895335742
21169,0.005773120970275528
21170,0.7120545947698739
21171,0.041231717399814356
21172,0.009084363146187595
21173,0.014273089547617716
21174,0.009967159773369975
21175,0.8350258933974075
21176,0.6369880332898799
21177,0.016117039214261848
21178,0.5172735698143266
21179,0.15746171869201472
21180,0.024211051238174255
21181,0.9131031898412747
21182,0.004398138066759292
21183,0.05692059396117394
21184,0.547780269868736
21185,0.01146134612000663
21186,0.8924932364387134
21187,0.08421885252699456
21188,0.020568875513406137
21189,0.6430267132306259
21190,0.11769637794496315
21191,0.016577027979867074
21192,0.0561076108268446
21193,0.024944942605049952
21194,0.45164672409909107
21195,0.10678199656757875
21196,0.6290268346041272
21197,0.016769159674528644
21198,0.01092148645612993
21199,0.0156321354411342
21200,0.005162935639901938
21201,0.018107550019486017
21202,0.003552306415520378
21203,0.6529093005507947
21204,0.7382581260539536
21205,0.007848040711797934
21206,0.4316659880168717
21207,0.018392299595261064
21208,0.0207637825630134
21209,0.36015753647963084
21210,0.4139886835171807
21211,0.5995555092368672
21212,0.030596850979573164
21213,0.01395755766382409
21214,0.44708368084304334
21215,0.11330078049864821
21216,0.007064149685718859
21217,0.03744717097107226
21218,0.6607195073673036
21219,0.25497232492567773
21220,0.48960190011459837
21221,0.3327553695932127
21222,0.011168823114319847
21223,0.3993752921390519
21224,0.18121476946101497
21225,0.7242059041979062
21226,0.8686489941112339
21227,0.7142828775247433
21228,0.27698053016130925
21229,0.006058879988874116
21230,0.01534144566828726
21231,0.8415869699982034
21232,0.008281833462965788
21233,0.01559311002139016
21234,0.009977535949331727
21235,0.37200569816506557
21236,0.00385647943403571
21237,0.015702629529855978
21238,0.21994906055949176
21239,0.7161726186475661
21240,0.00453328425350917
21241,0.7621090981139228
21242,0.5084403178811576
21243,0.025945100746094536
21244,0.2650777933536151
21245,0.5568964365541995
21246,0.3738418106023567
21247,0.25933609684932557
21248,0.41269475435738684
21249,0.2730544568986841
21250,0.1785854924015487
21251,0.13054304758384264
21252,0.019362127722889196
21253,0.8107255445145514
21254,0.49211388546310303
21255,0.8697796254195803
21256,0.024526571114027246
21257,0.5387568283612318
21258,0.003381735169144045
21259,0.01569825680387105
21260,0.7005868793270752
21261,0.7719501960948226
21262,0.00531687919770179
21263,0.7716464522223344
21264,0.011341154890747806
21265,0.8501213384027263
21266,0.40325047668214115
21267,0.7462792591372456
21268,0.40911811745673327
21269,0.0201447958204071
21270,0.07509780303116077
21271,0.17388396217304689
21272,0.012707765654805959
21273,0.010876506549242033
21274,0.0955874247961232
21275,0.48323168698842495
21276,0.7258077628957403
21277,0.05638214199253152
21278,0.6613625783990517
21279,0.6386325852440672
21280,0.8790475551314063
21281,0.004490293499216421
21282,0.7722773453477157
21283,0.8149035756613969
21284,0.8060673169442458
21285,0.015615307960205067
21286,0.9366736286855851
21287,0.03625865927348861
21288,0.6586678656590074
21289,0.8028419841009702
21290,0.23946980566601594
21291,0.01913328989582597
21292,0.9089188591477104
21293,0.004505005993400774
21294,0.429389484211739
21295,0.4184438370518676
21296,0.014644965957416456
21297,0.45075101544908347
21298,0.0611335622265537
21299,0.028250496272450965
21300,0.8963921600118926
21301,0.009642021424634738
21302,0.020672610291743065
21303,0.043831396445088315
21304,0.044310691854467205
21305,0.060325636845434065
21306,0.6618800824475283
21307,0.014934924872192484
21308,0.03942275382630304
21309,0.020584080153492647
21310,0.5868944605746093
21311,0.8061794929202724
21312,0.007835608312127174
21313,0.04342565697361693
21314,0.22266396279903977
21315,0.042341889349569756
21316,0.8035923506708719
21317,0.35908486470567486
21318,0.4270455071219249
21319,0.7014706917796698
21320,0.015299773367601185
21321,0.6533489208554435
21322,0.01724926765540625
21323,0.7098113143256336
21324,0.04271008156861909
21325,0.007838692281414454
21326,0.3653740698868179
21327,0.23256937199918212
21328,0.8146935641978883
21329,0.7737185296887121
21330,0.4063062642624109
21331,0.6051948020065591
21332,0.03498320238718738
21333,0.3328710851258821
21334,0.47805521873255225
21335,0.03253007207330678
21336,0.0040118460046995276
21337,0.014619943579309918
21338,0.016121424490044167
21339,0.5921674215047006
21340,0.5495281464519951
21341,0.8386185933940667
21342,0.026501599305308834
21343,0.6122154741311184
21344,0.5760940407289973
21345,0.19499566432490492
21346,0.7529324397414818
21347,0.6546385723272578
21348,0.0036690404361872635
21349,0.3252316149260462
21350,0.29114755614137394
21351,0.44894011637786996
21352,0.3434932129355723
21353,0.004978229228789252
21354,0.012806915810278992
21355,0.10879874379393142
21356,0.7047753009384958
21357,0.8105122804505231
21358,0.004534664834194881
21359,0.01880570188672995
21360,0.7842121510452799
21361,0.019765544114378898
21362,0.6295632966428542
21363,0.4634312939146495
21364,0.038979117908427376
21365,0.025987229775787275
21366,0.025246069312056925
21367,0.14558878497122307
21368,0.724066678329503
21369,0.32388143157757165
21370,0.5760309802048589
21371,0.3895378301092892
21372,0.45343995896914097
21373,0.015922613111917838
21374,0.6234312335004552
21375,0.5890333400218041
21376,0.6889623696941362
21377,0.047303219602943786
21378,0.9055226700778098
21379,0.9211224377479428
21380,0.7028575083988139
21381,0.004060937527351627
21382,0.016538024841612018
21383,0.3733676997307537
21384,0.01376794793433959
21385,0.7565458007691348
21386,0.023166447391314553
21387,0.6447627941147578
21388,0.9498015793087459
21389,0.0307787306602774
21390,0.05390053090757973
21391,0.005760234146499195
21392,0.17863173577672542
21393,0.00659121309070217
21394,0.8451619229089494
21395,0.02032661183229082
21396,0.34119002294017725
21397,0.0040144676486480076
21398,0.3026408768177615
21399,0.821655578257256
21400,0.6155919340108067
21401,0.0283328657934869
21402,0.21841123333374882
21403,0.5983311639919251
21404,0.8733586814746923
21405,0.3199335773624153
21406,0.505373644849514
21407,0.753550566925659
21408,0.6160593217006135
21409,0.44463919734590795
21410,0.8010684092415054
21411,0.013513971951652584
21412,0.05844004357342782
21413,0.7021280995814532
21414,0.46876267064719546
21415,0.8837834979568344
21416,0.5728202264745184
21417,0.8970821576126643
21418,0.45489374072202393
21419,0.6870971809034632
21420,0.08446987529045327
21421,0.020431300815542588
21422,0.8702306911563145
21423,0.6966881947233499
21424,0.004143950120838417
21425,0.011622847471358744
21426,0.05440093920311802
21427,0.7412325965243265
21428,0.7988026981075108
21429,0.5895444227342793
21430,0.01403441678967644
21431,0.881449907904322
21432,0.7828630260195899
21433,0.011625830750283601
21434,0.5297102925564043
21435,0.9071018021804406
21436,0.6886066656669007
21437,0.34594597055483695
21438,0.09265501948419198
21439,0.7700458534156761
21440,0.027801480035511635
21441,0.008757194273086038
21442,0.6026364484126963
21443,0.8805790094610895
21444,0.4039360141122827
21445,0.008481205968393591
21446,0.9186558261651729
21447,0.6970151546174893
21448,0.4921181380000787
21449,0.10555895151842319
21450,0.5893312092699522
21451,0.4636628481383057
21452,0.6828248208697122
21453,0.41890023959798917
21454,0.7585960030240627
21455,0.017061767834567646
21456,0.0035681848095581135
21457,0.5765711423730518
21458,0.03577782829257316
21459,0.5809429243475754
21460,0.7381671894134991
21461,0.4006963450145683
21462,0.7211356621276106
21463,0.6848162865981021
21464,0.02718624595980163
21465,0.010032883843002435
21466,0.2899619898067351
21467,0.22899823944932055
21468,0.3801253821689316
21469,0.01786457536425067
21470,0.6318190180346124
21471,0.008561810941107615
21472,0.46809866719829873
21473,0.16180141836711012
21474,0.4193404788400732
21475,0.018415840397124152
21476,0.6061025830197861
21477,0.14114685543844582
21478,0.16974298047452763
21479,0.012572670030994644
21480,0.022749718492540868
21481,0.5367666862199381
21482,0.8530738351637075
21483,0.7640631774954574
21484,0.6358200551816093
21485,0.011821179909750144
21486,0.032797430366670786
21487,0.015377032134781227
21488,0.04751928594253794
21489,0.022592021520279032
21490,0.8572132579727227
21491,0.6328754943495163
21492,0.025325906571077066
21493,0.07595441128643025
21494,0.5756699458662061
21495,0.7906156442838947
21496,0.003657537641234724
21497,0.039824173219956016
21498,0.013785379438281868
21499,0.013811795774552044
21500,0.4832073203743471
21501,0.05023588308498472
21502,0.5518028292380068
21503,0.04692334067997466
21504,0.318118215779747
21505,0.7970412054900086
21506,0.02881175435257921
21507,0.608579654768058
21508,0.032918771131938515
21509,0.7922033711244647
21510,0.34679914523317995
21511,0.2283620156271658
21512,0.547373951868198
21513,0.025792592881764206
21514,0.8546090963777299
21515,0.5436968639923511
21516,0.02689110249467294
21517,0.4716595789546943
21518,0.011820661354199302
21519,0.21144031918150025
21520,0.5840517203594983
21521,0.629566677747169
21522,0.6378088990130079
21523,0.4360716545688928
21524,0.016477113637759336
21525,0.09016770198889666
21526,0.009723501644847749
21527,0.009287665296579326
21528,0.02066836382717267
21529,0.4763544554026448
21530,0.01393628797348358
21531,0.03549215331588523
21532,0.01404843476105695
21533,0.19575040644148448
21534,0.16482120274634876
21535,0.00888399471142397
21536,0.20934707014015988
21537,0.014634164021585643
21538,0.19143175475108837
21539,0.47631669531350007
21540,0.011612183623230353
21541,0.0029912353043241783
21542,0.011581361571436717
21543,0.33068454964334865
21544,0.191324041906492
21545,0.0092547505872287
21546,0.010929143155560182
21547,0.7324471828417549
21548,0.4671046940348174
21549,0.502068563365006
21550,0.024241718289749033
21551,0.004877326751297118
21552,0.6872964366836267
21553,0.9184638214821936
21554,0.7984594296039434
21555,0.005535127057004776
21556,0.7855708647353886
21557,0.6897769821007922
21558,0.03288200955540263
21559,0.601528745601683
21560,0.5726472689034144
21561,0.8045143443973007
21562,0.7069775921414188
21563,0.6904657579128237
21564,0.5597494889324834
21565,0.5378909141129569
21566,0.7562698065934661
21567,0.7313955681105456
21568,0.021416451435813333
21569,0.07213419103838734
21570,0.04964904513352346
21571,0.8781129845299879
21572,0.02812170476039093
21573,0.7141946910102119
21574,0.7581855905384829
21575,0.39469108660760965
21576,0.015486825513077982
21577,0.011156024785705628
21578,0.6611067714303137
21579,0.05243977842059776
21580,0.012170808285411576
21581,0.40913184481365217
21582,0.20294620151356896
21583,0.010024571870745994
21584,0.019963077692077336
21585,0.03858805303837925
21586,0.008776746955132048
21587,0.708676659687233
21588,0.7171379861437202
21589,0.014297416473022838
21590,0.014657827266851085
21591,0.006673801997292185
21592,0.5329637743275413
21593,0.011869315258972248
21594,0.24341819441716955
21595,0.05061051848923456
21596,0.4610818613899451
21597,0.5134634420526948
21598,0.30825276474551816
21599,0.42141861436935696
21600,0.47493279637497837
21601,0.12223913370228316
21602,0.8957909673713357
21603,0.5110778713453906
21604,0.5914141729230754
21605,0.025457095719955126
21606,0.6421236175810567
21607,0.874908037008517
21608,0.29961528573671836
21609,0.9420582012769269
21610,0.35738230733221255
21611,0.27207028203296624
21612,0.01832024331639632
21613,0.820966246190899
21614,0.565708488558653
21615,0.061327532201886296
21616,0.6292216009208664
21617,0.5446782308469471
21618,0.5549778607267171
21619,0.8147781670092709
21620,0.5800330711986303
21621,0.7460083555594904
21622,0.03036279214900233
21623,0.014802675809168588
21624,0.9011825051106644
21625,0.682415827304533
21626,0.7938035463382447
21627,0.013079423004419435
21628,0.00819080591753373
21629,0.7974723056014487
21630,0.4526748727988451
21631,0.31379882007434545
21632,0.010813610523646718
21633,0.43792119006740493
21634,0.007425257385289741
21635,0.3274685810047968
21636,0.05280553468249007
21637,0.003029939991466264
21638,0.4730307578436927
21639,0.6493924998376772
21640,0.31294747817815854
21641,0.5475486898895205
21642,0.646805281457207
21643,0.5404509535924206
21644,0.012142179836837444
21645,0.9024453931551095
21646,0.6082751422191001
21647,0.8378342772865572
21648,0.3563620132345731
21649,0.4248621522299368
21650,0.00404445114402254
21651,0.6490496359369298
21652,0.003984121002330568
21653,0.7397688501131304
21654,0.728419953364978
21655,0.6743591332321156
21656,0.8286282934997106
21657,0.503228705545911
21658,0.5478973902516407
21659,0.032791350406198363
21660,0.01511795802935352
21661,0.747847950042041
21662,0.39801923759151203
21663,0.05246053120314181
21664,0.616731533180357
21665,0.6810171356298893
21666,0.008949715098713429
21667,0.6250524361238713
21668,0.01263289590414591
21669,0.027244065668425785
21670,0.02259651291050849
21671,0.5058365771170507
21672,0.6743883102240646
21673,0.00259689975970371
21674,0.6639932689229753
21675,0.010875633479262915
21676,0.12012512315481158
21677,0.010030480610027911
21678,0.034655102357566296
21679,0.7640530361360272
21680,0.035666222727216236
21681,0.782653085194184
21682,0.7740615732978973
21683,0.0059021871461292855
21684,0.9086842216978254
21685,0.2533540468007163
21686,0.2780922189672166
21687,0.620719837724495
21688,0.5955562531272193
21689,0.07615809978328095
21690,0.30210468454479406
21691,0.009945321374290753
21692,0.06788867507787832
21693,0.8480621239115639
21694,0.4785819075092624
21695,0.005709706523409311
21696,0.8376300893134487
21697,0.030575450918481607
21698,0.10402433730215137
21699,0.014959251694114585
21700,0.8224418768645576
21701,0.4744613318833513
21702,0.883489023347306
21703,0.2528091804034825
21704,0.6230905204974277
21705,0.009776771355042247
21706,0.583284146086321
21707,0.021738291863694616
21708,0.6004473074418093
21709,0.0147722934292549
21710,0.9455269222981629
21711,0.4217628999770278
21712,0.06557013594400955
21713,0.2870072675883492
21714,0.07182716635763073
21715,0.848046721327255
21716,0.00642028233615826
21717,0.5302458193864457
21718,0.7058870260185532
21719,0.14496187580723585
21720,0.15128254268989644
21721,0.5500202828854784
21722,0.8460217568424323
21723,0.5309497759499768
21724,0.0055042606249022475
21725,0.003643060129174315
21726,0.8305740137496497
21727,0.03163287128926264
21728,0.05988013070416647
21729,0.7271450979125617
21730,0.4522920878884247
21731,0.009548269863075049
21732,0.30817145706310806
21733,0.4534513854104109
21734,0.0018155349559792814
21735,0.6397457849778544
21736,0.37473148531304457
21737,0.8581531486952564
21738,0.10005040269339657
21739,0.0064758534231972335
21740,0.016073114528888235
21741,0.3819527075311795
21742,0.03350455470701851
21743,0.23363683152596237
21744,0.0045829777021735504
21745,0.015135758483303454
21746,0.7138558676112448
21747,0.3820762903762151
21748,0.5109982332599734
21749,0.07329003707013096
21750,0.6282469167026017
21751,0.8995304222813467
21752,0.7621200866460013
21753,0.018597785746800186
21754,0.022339362839929135
21755,0.45991221465527177
21756,0.6622025347993006
21757,0.7709136464553226
21758,0.6332905003382333
21759,0.3551488144370231
21760,0.27056571040839883
21761,0.006175516658763683
21762,0.6471793344884972
21763,0.6573244622518184
21764,0.05979122328870196
21765,0.16289510988729372
21766,0.005209591737178714
21767,0.5802473609458584
21768,0.48267941160547634
21769,0.48756525708392073
21770,0.7110030854746306
21771,0.4543136821516496
21772,0.023344483232556938
21773,0.01465665522810859
21774,0.0259846804115319
21775,0.049736374012991545
21776,0.7692212932619267
21777,0.8612921254653794
21778,0.01967552996028348
21779,0.036473725436096574
21780,0.5902584080110426
21781,0.0060632733923376625
21782,0.038104202327855705
21783,0.5965853179012409
21784,0.31086595792325383
21785,0.23089372141329736
21786,0.10145858131883331
21787,0.7618705546518458
21788,0.04318279560821082
21789,0.6633812253297418
21790,0.5494679875028855
21791,0.008123946207994441
21792,0.4993085388476505
21793,0.036069530277070765
21794,0.03876596211024462
21795,0.37522758385707244
21796,0.7971254008529547
21797,0.0871599574061706
21798,0.04238153734948698
21799,0.35305646018851217
21800,0.6233191788526535
21801,0.01601138765963305
21802,0.006576172554291169
21803,0.8660198992512694
21804,0.9177928254916364
21805,0.004378777882214929
21806,0.6750594867823129
21807,0.015413471231550036
21808,0.030455477466054003
21809,0.031317773898566645
21810,0.013466579290844405
21811,0.01462911350588086
21812,0.26659689449746365
21813,0.17262151012537072
21814,0.7280021720917348
21815,0.8944455368374785
21816,0.20862281817105557
21817,0.1544350221362733
21818,0.4247051069104068
21819,0.036222603513974154
21820,0.2336056175046361
21821,0.008530624754293092
21822,0.4712497711465988
21823,0.7894443845821169
21824,0.17709829730956905
21825,0.8744122524532377
21826,0.03375358825301028
21827,0.8254364213509088
21828,0.7322826875319105
21829,0.019269011348390944
21830,0.022158680373983882
21831,0.037205735095894664
21832,0.07092316051221582
21833,0.6399485975233199
21834,0.053197590633521176
21835,0.8163624096760198
21836,0.005819584160990863
21837,0.5277486612222411
21838,0.12603812056840655
21839,0.5838606176374275
21840,0.014560537946960153
21841,0.03356135783865398
21842,0.04102087030034866
21843,0.4725311618319416
21844,0.021280610727487666
21845,0.8405835832745497
21846,0.03789339073578946
21847,0.022831873319167726
21848,0.029622066870030012
21849,0.1930504713784598
21850,0.5236367230320358
21851,0.12680437778199094
21852,0.5500210743178511
21853,0.5036497450005095
21854,0.7198704382129736
21855,0.4643369873473147
21856,0.03514424090974364
21857,0.5605551157846621
21858,0.25946906920716756
21859,0.15274477953529955
21860,0.03743460943715862
21861,0.6568015342214489
21862,0.4867285418386562
21863,0.6025934021111454
21864,0.16954962493553247
21865,0.04925845195446426
21866,0.010806965380876325
21867,0.3274354454665181
21868,0.004448924404840621
21869,0.16709940999946393
21870,0.6964123813250501
21871,0.7169246438544331
21872,0.002933261403019277
21873,0.09930028918496091
21874,0.20772352690947157
21875,0.014060275501917728
21876,0.6778926325912846
21877,0.5158761002506473
21878,0.0077246308894644575
21879,0.02775320789965098
21880,0.012633989223608245
21881,0.8060959322600249
21882,0.4901078180526871
21883,0.7672274856643108
21884,0.3461934427035436
21885,0.03030480409421993
21886,0.7125247332429749
21887,0.05664728609543734
21888,0.306430311693849
21889,0.012080142542015277
21890,0.033737547436346035
21891,0.9159594886707978
21892,0.004807113441644747
21893,0.02531703319488046
21894,0.0032681037973641934
21895,0.7035465887484884
21896,0.036044204031043796
21897,0.4500980748898666
21898,0.3006645574600033
21899,0.7781825258992174
21900,0.3621478106013024
21901,0.3184345067706361
21902,0.6899341294779343
21903,0.8395708205198085
21904,0.5720768378243065
21905,0.06613558199631536
21906,0.7139061732762262
21907,0.0162282837277673
21908,0.007095720076113216
21909,0.18103709753884295
21910,0.04950074064682697
21911,0.01597981637268047
21912,0.03140585883205176
21913,0.6513319142767193
21914,0.8400322671227078
21915,0.8531576369570181
21916,0.031520043614507144
21917,0.7682293911854365
21918,0.5290065389146283
21919,0.6917738189564893
21920,0.4780068849334866
21921,0.7879200049200913
21922,0.01206947406033377
21923,0.8292969640932315
21924,0.35736687325394495
21925,0.7656368602351965
21926,0.007112839753853388
21927,0.675728379752278
21928,0.7700356966666364
21929,0.6307825044783084
21930,0.5735686578142273
21931,0.02688050242955231
21932,0.809118591148065
21933,0.7648463016381426
21934,0.9214921947212328
21935,0.043885017857410724
21936,0.21077271971006104
21937,0.7596725954470646
21938,0.7361534023668732
21939,0.4633210026081752
21940,0.027225232014676772
21941,0.7642100548423051
21942,0.704932485610244
21943,0.4136172144787086
21944,0.02728884077101722
21945,0.32157380149846826
21946,0.7560810336613456
21947,0.019684611810291186
21948,0.7755294788124132
21949,0.5758863466106867
21950,0.012329543050769788
21951,0.03515882838886649
21952,0.1088742536933373
21953,0.32688446969761703
21954,0.7881259066232114
21955,0.6607946602631707
21956,0.7949079198252605
21957,0.005247928608999164
21958,0.05045917923323461
21959,0.8718854532659659
21960,0.373599068567024
21961,0.25813363065085587
21962,0.9237922720010194
21963,0.006447551462141536
21964,0.7071409927984879
21965,0.024057759335955976
21966,0.008003269301831848
21967,0.022493233373664615
21968,0.9215518355546086
21969,0.07412909652599503
21970,0.6897033092061383
21971,0.7845558506589885
21972,0.009105933859896442
21973,0.5292552252852332
21974,0.10165130681793966
21975,0.5886173919938908
21976,0.01272500727665549
21977,0.7058094456931601
21978,0.8447769576716668
21979,0.7269326043535221
21980,0.010200176846370847
21981,0.8922407494120255
21982,0.5362454512672791
21983,0.6181874997523537
21984,0.33696645903851263
21985,0.28632835519456146
21986,0.004981452046509938
21987,0.018297878084703834
21988,0.26936377315386817
21989,0.032121235039102844
21990,0.8156354404553691
21991,0.5066459603037814
21992,0.005504013069917933
21993,0.6465557101230904
21994,0.7690360144600157
21995,0.0036074855848437755
21996,0.383462156439669
21997,0.021499421903935476
21998,0.9148500668193169
21999,0.014220587613130433
22000,0.6585897989666304
22001,0.7758294266205684
22002,0.44354944609364527
22003,0.6556907145758996
22004,0.8120742828726388
22005,0.024633353698184476
22006,0.19444695423661515
22007,0.013728418731518538
22008,0.7393708492325005
22009,0.07813156228458594
22010,0.8052066506328988
22011,0.692526321097463
22012,0.011769168889705101
22013,0.014451420749770533
22014,0.7867900579824804
22015,0.6342354006733901
22016,0.27842314843203614
22017,0.48978935757539305
22018,0.5622364114001193
22019,0.6578153253356721
22020,0.18066210036286243
22021,0.9455648892126325
22022,0.8098627205602578
22023,0.6012636879012702
22024,0.817500954412627
22025,0.6074440057876981
22026,0.8749426874526591
22027,0.819279481710318
22028,0.006898725510953709
22029,0.07387754517633562
22030,0.36146080641673306
22031,0.09657023021547347
22032,0.7507080743329817
22033,0.015813114085722772
22034,0.007493559942509886
22035,0.21073716107281099
22036,0.7340103444029621
22037,0.019749307972838543
22038,0.018252672712756733
22039,0.12766011519806925
22040,0.7614777733878766
22041,0.9063601497251736
22042,0.2778568824682335
22043,0.04190537425705601
22044,0.9195247231097262
22045,0.12910512033601723
22046,0.7738451211284819
22047,0.010758314118397793
22048,0.6044868193290575
22049,0.7944108332216404
22050,0.6277303787862017
22051,0.43570224590766854
22052,0.6374534041463884
22053,0.3599480811162443
22054,0.006247947185969168
22055,0.8519149158913195
22056,0.009547137160277941
22057,0.011562062058602596
22058,0.01875654915455688
22059,0.18205396172757984
22060,0.5435360215146716
22061,0.006047506808881721
22062,0.02406208133898192
22063,0.8992411726116701
22064,0.041905028052407506
22065,0.03366327008201715
22066,0.3996947269502999
22067,0.5391870657938751
22068,0.37860487459462133
22069,0.756153796453623
22070,0.6556704235679086
22071,0.046184778493277526
22072,0.013466344178310122
22073,0.6367643099913145
22074,0.7799806905720675
22075,0.023893135935828723
22076,0.3584905666602266
22077,0.10939742775262026
22078,0.7651788181512256
22079,0.014042643249993917
22080,0.4335892552382005
22081,0.7565462716939455
22082,0.014325699788282655
22083,0.044855902130133476
22084,0.47595099200907665
22085,0.05670659974073019
22086,0.6502125685498538
22087,0.07181898421972359
22088,0.6554499758807686
22089,0.0274374081055373
22090,0.3766129109351994
22091,0.00765563768779661
22092,0.7090197989673387
22093,0.8366992152243092
22094,0.3549422299676058
22095,0.49386680712786424
22096,0.4117208110495273
22097,0.013569536875149184
22098,0.944678817236266
22099,0.5427700396659632
22100,0.7723366761547557
22101,0.015832842995475632
22102,0.2834247760702971
22103,0.8351096390486298
22104,0.32934651112081625
22105,0.011020591698019666
22106,0.021776223939334018
22107,0.016841947025739983
22108,0.0167312368970419
22109,0.04198832867259206
22110,0.6087375335037554
22111,0.003140816897410467
22112,0.14929267434033633
22113,0.6227767873160386
22114,0.8238501104507304
22115,0.009356605121316211
22116,0.6470031425201118
22117,0.6522559762294826
22118,0.8172737293791461
22119,0.07468811525049217
22120,0.030394910652932195
22121,0.1534424940452293
22122,0.7898269984145505
22123,0.6184280308845538
22124,0.023560776632572923
22125,0.3723526448598231
22126,0.5203260796402847
22127,0.6971846185598141
22128,0.26998849556126875
22129,0.4349556828182054
22130,0.7511866543907885
22131,0.5266237051064974
22132,0.014004450931210033
22133,0.7362477850943623
22134,0.7643914601017253
22135,0.003324867198620113
22136,0.03767726213070889
22137,0.5595268541441789
22138,0.008745356709936534
22139,0.6359891212507168
22140,0.9442684858837468
22141,0.017921958545055454
22142,0.419592171350736
22143,0.04008484863548866
22144,0.023151033420993655
22145,0.015219439271612513
22146,0.7561029985064981
22147,0.13526822340044933
22148,0.012294788672856032
22149,0.7580120375286137
22150,0.828814184419658
22151,0.1497348199587283
22152,0.8305394694012251
22153,0.3437287631032477
22154,0.629917841273082
22155,0.007014406724085139
22156,0.3383200355840407
22157,0.8376386530952238
22158,0.23404915497424256
22159,0.3850968131046455
22160,0.6093460828958849
22161,0.3255597364836369
22162,0.8950307461401728
22163,0.01082484978671535
22164,0.006344955295002235
22165,0.7748483162977559
22166,0.39432696107490045
22167,0.8077949522425129
22168,0.010124306865705068
22169,0.0030802269249593254
22170,0.012891456484345974
22171,0.5534171037140887
22172,0.6752463989342267
22173,0.05116206427869686
22174,0.6583154834908894
22175,0.8369516841614442
22176,0.6703958224588318
22177,0.017918234390022915
22178,0.019436304710875152
22179,0.4110394064747924
22180,0.7741851928035621
22181,0.3052566169560869
22182,0.059384184772488205
22183,0.009242743758026107
22184,0.021850864522765013
22185,0.002949762100159797
22186,0.748342298961653
22187,0.007715888485320179
22188,0.39806306431938526
22189,0.014409015756255507
22190,0.23507803866046387
22191,0.03767184035721689
22192,0.5322869012890051
22193,0.9139394706855364
22194,0.012722915435321724
22195,0.6870568997754227
22196,0.6657704336141334
22197,0.01257206607730523
22198,0.8562716688259454
22199,0.017952429965299693
22200,0.06288054163202358
22201,0.7807134284796857
22202,0.577097140840935
22203,0.03501142369025725
22204,0.2472040015718789
22205,0.6083397272199365
22206,0.25733793125313587
22207,0.7493631262593026
22208,0.5303646210354943
22209,0.3164085184681703
22210,0.005184713540892321
22211,0.034829264065836356
22212,0.8754325649041375
22213,0.7356696629839269
22214,0.8072723393364687
22215,0.5042442839364141
22216,0.1955559181942748
22217,0.7124067949814519
22218,0.6919254099144685
22219,0.7094323111973967
22220,0.0041416989003943425
22221,0.002905484008171973
22222,0.8483152850538896
22223,0.7630905961935925
22224,0.02720856836839757
22225,0.026862479980155878
22226,0.8704873717423028
22227,0.1600038061053606
22228,0.4538440969737326
22229,0.1982986923717375
22230,0.14953587481156277
22231,0.4643857846621547
22232,0.3359579056275977
22233,0.007782317611201828
22234,0.016769585438483208
22235,0.6717251211229106
22236,0.25622255371964353
22237,0.02936485183786035
22238,0.549853816340704
22239,0.5944104716249868
22240,0.9479062264836899
22241,0.5436279411793186
22242,0.018506689512110427
22243,0.8347444704729462
22244,0.850746519754645
22245,0.917936983716986
22246,0.4782999154661662
22247,0.011885086639375656
22248,0.02639349433445422
22249,0.04668932588943081
22250,0.8406496166604787
22251,0.6753739854594379
22252,0.432747459590533
22253,0.5318218908608013
22254,0.01237130361685535
22255,0.3119027287979223
22256,0.011998846364576796
22257,0.3602184612652816
22258,0.06547871943038926
22259,0.5589915091500773
22260,0.6925687842070486
22261,0.5122006402439808
22262,0.009306700622488418
22263,0.028599700816910125
22264,0.3551110887630767
22265,0.6705156121232988
22266,0.004120595740374475
22267,0.5157481143765145
22268,0.008229400665491018
22269,0.37722553983005364
22270,0.5323781482855086
22271,0.038585315396215646
22272,0.5201497783056872
22273,0.00968833035401589
22274,0.004133909158096639
22275,0.4827340762153792
22276,0.6883382637271341
22277,0.013496517673011563
22278,0.8756551364026277
22279,0.031503296720459664
22280,0.3755774582756713
22281,0.0031929646308037594
22282,0.4071109867837181
22283,0.7865986223816491
22284,0.30486046171529657
22285,0.36093778499249474
22286,0.689066603071621
22287,0.5088661579227332
22288,0.01911710967714073
22289,0.008023003609785945
22290,0.28311343036582165
22291,0.6990456377518873
22292,0.006931676578805332
22293,0.15689335101031365
22294,0.6497938482807268
22295,0.351630189977811
22296,0.5287899123329615
22297,0.6528400022436023
22298,0.552637949440643
22299,0.01566349735373756
22300,0.5727324931319833
22301,0.0347731026082314
22302,0.9059159290967584
22303,0.0025078264685542274
22304,0.8267773234108771
22305,0.09406962790465295
22306,0.2601939045044191
22307,0.02384453453134041
22308,0.6685060611977348
22309,0.10151866058393744
22310,0.08281267341506038
22311,0.007161890321988734
22312,0.5984615012634572
22313,0.3880528487342016
22314,0.5474157383369627
22315,0.5723940594945027
22316,0.023216780347720137
22317,0.5612892411344681
22318,0.7486844044654012
22319,0.6336674153903221
22320,0.9182946996148634
22321,0.7487573595353318
22322,0.775343121707371
22323,0.8555644383158854
22324,0.629428960948227
22325,0.18245290618187324
22326,0.3006225928007702
22327,0.14107902968629657
22328,0.01554877470445687
22329,0.03348335030024833
22330,0.2290238879364186
22331,0.7467969111570109
22332,0.8359256444929256
22333,0.014139941713414301
22334,0.036327793937104856
22335,0.009488610413816993
22336,0.7920672889473249
22337,0.032343488709675884
22338,0.00876337452918774
22339,0.01380131638497467
22340,0.8685276066008235
22341,0.00982804137300757
22342,0.8750159231644937
22343,0.6865293703193164
22344,0.010551657301912876
22345,0.02432150920461452
22346,0.6142323460338268
22347,0.6880283670637052
22348,0.028605220916175664
22349,0.42778445271239623
22350,0.8626160518290771
22351,0.007220372181653627
22352,0.32298702770162924
22353,0.07066839687928597
22354,0.4457263545980819
22355,0.06225504864178709
22356,0.7827646299773403
22357,0.4353175666898114
22358,0.017859142996765328
22359,0.8042628077564681
22360,0.503534107012366
22361,0.6014121340963621
22362,0.25001635724154503
22363,0.6199932563587321
22364,0.6759139875834421
22365,0.006472945752359874
22366,0.71609746086446
22367,0.7227425469796364
22368,0.022300230583732858
22369,0.4430180925949689
22370,0.46397787398782286
22371,0.5234709814005134
22372,0.6196859210568968
22373,0.5769179862043436
22374,0.6999114011252021
22375,0.8386483511483483
22376,0.5387479435466174
22377,0.26522015729372295
22378,0.7333546408975805
22379,0.01626399695930283
22380,0.2282470529878891
22381,0.13820621160359578
22382,0.04417801159383658
22383,0.04886468346792223
22384,0.9019308545779554
22385,0.0020005440948019063
22386,0.006001416418350982
22387,0.05739267532900884
22388,0.638248744107864
22389,0.8066948178625081
22390,0.11110016627722946
22391,0.7413303592317504
22392,0.3659684090914521
22393,0.06252982172697519
22394,0.017034909410177945
22395,0.5957413448173461
22396,0.19131211236323475
22397,0.6115850012030977
22398,0.863553132784959
22399,0.5942720145879237
22400,0.572837574197836
22401,0.013021033258949037
22402,0.8301665908127231
22403,0.26416782245435216
22404,0.0688029227816265
22405,0.539287313078253
22406,0.7419638540764921
22407,0.7057527035959809
22408,0.9053930327587915
22409,0.059249446524909995
22410,0.7893988603781732
22411,0.9351461919911517
22412,0.2907113770158128
22413,0.53422748644272
22414,0.8732593062486453
22415,0.42865541910264393
22416,0.07941344377870596
22417,0.4375147815074472
22418,0.8865832879862472
22419,0.8977562353610063
22420,0.08158723455013288
22421,0.012011526358793972
22422,0.0036682574715373828
22423,0.5622416080403188
22424,0.8727066105580746
22425,0.7250116582618145
22426,0.6787324142956113
22427,0.8361938887782444
22428,0.6317781085385471
22429,0.010753274973180635
22430,0.8721687137448029
22431,0.11790645029968189
22432,0.6700270023446505
22433,0.02256266596716222
22434,0.6664200885774816
22435,0.006741246307995993
22436,0.11893275428446742
22437,0.63193040959454
22438,0.12947004826585104
22439,0.004569238908236042
22440,0.554500164345704
22441,0.4572043688712232
22442,0.011861912718521628
22443,0.35288976468556926
22444,0.875877489644975
22445,0.8358227657571567
22446,0.8039737792750725
22447,0.09362018172089664
22448,0.7020399443699056
22449,0.7461375310368555
22450,0.011493796350095734
22451,0.4031518381773026
22452,0.09518132360595567
22453,0.6741906926937702
22454,0.20207933756336954
22455,0.42058140807066413
22456,0.015047544467197032
22457,0.07658739241524386
22458,0.4552308530276157
22459,0.5130766307108853
22460,0.6501853111375198
22461,0.5578419145649897
22462,0.5329896501448925
22463,0.7835579835301842
22464,0.13876278696131997
22465,0.018499623042560337
22466,0.564176762792413
22467,0.052545426915435844
22468,0.5036616484231097
22469,0.003361563054981457
22470,0.6772051464412142
22471,0.01264514777456184
22472,0.6584818678639748
22473,0.6597656582650017
22474,0.6812146873071414
22475,0.028437257920409846
22476,0.06532218216777054
22477,0.6652225668833651
22478,0.8111844248519665
22479,0.02476779901716242
22480,0.04106782077664809
22481,0.6157613918157127
22482,0.4023719076170616
22483,0.6060059315124398
22484,0.8635842232293399
22485,0.018363139536309168
22486,0.0119574104905416
22487,0.2901222827550611
22488,0.6438388684816889
22489,0.1663321866941004
22490,0.8567584504823097
22491,0.00436412913993802
22492,0.20205309503979726
22493,0.7308579552591952
22494,0.013659982025334135
22495,0.06295379425516154
22496,0.009859146500989988
22497,0.03706915269534042
22498,0.44020144351944185
22499,0.5336782926014623
22500,0.03015504247034207
22501,0.6275883996042539
22502,0.7791875505196569
22503,0.015562831258574989
22504,0.13131391698786715
22505,0.28274159909440305
22506,0.45931028944273505
22507,0.7009416395813411
22508,0.018663698052886046
22509,0.19022605995983974
22510,0.2906527019490467
22511,0.010596905082449315
22512,0.004195698739091529
22513,0.019853167360664455
22514,0.45223358165261757
22515,0.006891856367907825
22516,0.6053219244506494
22517,0.6932801227606641
22518,0.512268898668233
22519,0.27069444855706853
22520,0.6155820373968597
22521,0.030943585035675115
22522,0.005928868812484122
22523,0.8720300353150986
22524,0.06390319833708381
22525,0.16565551661432004
22526,0.7905268103243538
22527,0.013691762096786977
22528,0.8690928281834197
22529,0.6809687931529347
22530,0.4088904812365648
22531,0.11734077350701365
22532,0.4304718100478073
22533,0.8620772352756194
22534,0.6412232390626837
22535,0.42139984110682555
22536,0.7793687844558024
22537,0.6171300969234218
22538,0.3985453482703436
22539,0.02148404611606068
22540,0.3852500579811259
22541,0.637627528119187
22542,0.8809439463212885
22543,0.1808011351431043
22544,0.27007646907228083
22545,0.34746993242069035
22546,0.5167084848377195
22547,0.02352476528009643
22548,0.34664713176177464
22549,0.3758192786680792
22550,0.09656863190152913
22551,0.026835337374326203
22552,0.007129095367096779
22553,0.6278252632315133
22554,0.011520611391592647
22555,0.8270027201488652
22556,0.004386625759621596
22557,0.658028709546843
22558,0.7339330612991625
22559,0.025563314586835407
22560,0.8016961088377138
22561,0.6581997000987729
22562,0.00430799914753082
22563,0.015947266926924445
22564,0.8409673883220289
22565,0.3610649475615484
22566,0.37309518916266543
22567,0.7151666988966097
22568,0.019118673905226632
22569,0.02858081154467084
22570,0.6871774495626819
22571,0.5700593951330284
22572,0.7060528049433118
22573,0.015590626948661708
22574,0.014870065389396479
22575,0.04757947741014988
22576,0.5509148235012634
22577,0.8247782078217004
22578,0.9414970576566614
22579,0.5519247613430778
22580,0.35788336862736525
22581,0.014739470973931494
22582,0.30984240403213675
22583,0.19843193404677975
22584,0.5448217784552161
22585,0.02762024723578755
22586,0.14783110091856103
22587,0.5957709166141978
22588,0.6216032604257322
22589,0.8268060241296689
22590,0.9055214849997508
22591,0.6211583517881347
22592,0.5006215000800045
22593,0.10948192142233179
22594,0.8683108177491965
22595,0.26969589111628595
22596,0.6043449399473271
22597,0.04291525082824872
22598,0.17671374893851466
22599,0.17489394468105965
22600,0.007027467056346086
22601,0.01695120086820804
22602,0.004734737801266407
22603,0.0228035200902413
22604,0.01541166989224728
22605,0.010757116404860127
22606,0.013094624178716256
22607,0.020212320291922208
22608,0.8228620581588623
22609,0.38701680310311315
22610,0.37678488479202277
22611,0.042128956318744935
22612,0.025026699097038668
22613,0.027927330813683673
22614,0.03777413168469995
22615,0.06648075298801764
22616,0.038956368722433764
22617,0.015003007510278176
22618,0.3784369524053779
22619,0.03153792774638101
22620,0.5961221212266697
22621,0.5391810830992845
22622,0.7088172330609741
22623,0.7087409398381785
22624,0.5333001461994126
22625,0.8211086908575013
22626,0.012895353545164903
22627,0.023900752606221546
22628,0.011365229769615284
22629,0.473283001966944
22630,0.004215856249928367
22631,0.5306606647708514
22632,0.8916077410909248
22633,0.021811181389412824
22634,0.5097775712974969
22635,0.00561036404427905
22636,0.5533036584392982
22637,0.0053060960668841846
22638,0.46224702173739884
22639,0.21263207448533142
22640,0.01823356160142968
22641,0.7990193384578999
22642,0.8973340899338249
22643,0.14459748949684484
22644,0.003908885859946531
22645,0.31796900855201715
22646,0.5417143658488309
22647,0.6351967357813374
22648,0.012330777570746486
22649,0.006711003428254054
22650,0.6058791706244057
22651,0.5382790963340853
22652,0.7638526744951007
22653,0.6465706136453806
22654,0.5717252231400889
22655,0.10328318565087098
22656,0.022479957559393124
22657,0.8559829795423455
22658,0.7266203235049769
22659,0.011796188974309493
22660,0.006959105397520945
22661,0.02134487449325479
22662,0.029908412930311077
22663,0.7782183112807513
22664,0.7581717978926275
22665,0.7288392178622912
22666,0.0031681165722770343
22667,0.4071131979582634
22668,0.9372074559928176
22669,0.03486636295310203
22670,0.012173636440719416
22671,0.7970238977993559
22672,0.49344158562541013
22673,0.33873968896236784
22674,0.013153475759777948
22675,0.11943730551662934
22676,0.36929557687323816
22677,0.4960893297320888
22678,0.15596046014285514
22679,0.2411072001931563
22680,0.30084037653918805
22681,0.37346077177767356
22682,0.004998906722602544
22683,0.012690261323531024
22684,0.34641811117449617
22685,0.2749003303650595
22686,0.7471014185664281
22687,0.5043930705165606
22688,0.8245218230933083
22689,0.1922048311735824
22690,0.7865532259332723
22691,0.6531846963500312
22692,0.7114672980606311
22693,0.4393414680620187
22694,0.19940881148537803
22695,0.016633545108805856
22696,0.005119836987607615
22697,0.018386960817306935
22698,0.19307673968713768
22699,0.6269828138153083
22700,0.7928934725779336
22701,0.6433048815971305
22702,0.20711262879817233
22703,0.2905455568963174
22704,0.6094343376807312
22705,0.6155657544420615
22706,0.7281947778813512
22707,0.7798960847636274
22708,0.027860885353942145
22709,0.02845930858176503
22710,0.29797966037361084
22711,0.011645819700543063
22712,0.024875671790420127
22713,0.29337005128294263
22714,0.6332156179107332
22715,0.0141040864892949
22716,0.5702262316475458
22717,0.00935886278439985
22718,0.32787535166399
22719,0.04040237652364316
22720,0.06279413015940633
22721,0.0046131388531955265
22722,0.7750213169633593
22723,0.5803066522574649
22724,0.041956576089375114
22725,0.8559377114840732
22726,0.024201527048819817
22727,0.00420348764205049
22728,0.019051015148200345
22729,0.5272027837177361
22730,0.42127485905590767
22731,0.02460848046303726
22732,0.6627117924429426
22733,0.607810236115993
22734,0.1502527417873091
22735,0.3837427894333191
22736,0.8208376392949214
22737,0.32915384725702074
22738,0.66044444821029
22739,0.7850260295048621
22740,0.4913836658463322
22741,0.6395036364093422
22742,0.7409461316926157
22743,0.3469429516871242
22744,0.006184005931188669
22745,0.5897752717519149
22746,0.530478112267496
22747,0.6135501568428444
22748,0.8757453508386077
22749,0.4661367709600535
22750,0.5514592146696253
22751,0.025451112356024336
22752,0.769972156247233
22753,0.8895478122945191
22754,0.3266926234935169
22755,0.0709744366609514
22756,0.7400109222031612
22757,0.7429809955897632
22758,0.006641148096977908
22759,0.7780867598429304
22760,0.6060492497150842
22761,0.014194301810012765
22762,0.656400796637417
22763,0.007146136249664852
22764,0.024490500479780995
22765,0.01188207579248153
22766,0.019762611791492288
22767,0.013488455415999752
22768,0.3569254943817559
22769,0.012162390024308758
22770,0.024365715983614
22771,0.352832356500465
22772,0.5567219948518327
22773,0.9234230317356681
22774,0.01614161752610708
22775,0.02704815445832694
22776,0.44206478443524144
22777,0.4074703646842452
22778,0.24796038669748224
22779,0.022348972685814993
22780,0.7989024589561472
22781,0.8284133312707166
22782,0.03238952189878156
22783,0.23563858583404926
22784,0.018518689980314945
22785,0.410162612203641
22786,0.498576508911639
22787,0.713007268136034
22788,0.0034061122467486005
22789,0.14427946914528336
22790,0.5979231832119954
22791,0.830919003915721
22792,0.08179139054987514
22793,0.686616630085967
22794,0.15891196491326645
22795,0.5528028845453478
22796,0.6810086994802089
22797,0.01613706286074463
22798,0.690290294463384
22799,0.3849709231036104
22800,0.7634819416892629
22801,0.013052028600998685
22802,0.3699797461578632
22803,0.09617564826263769
22804,0.68297433502875
22805,0.029271698129327492
22806,0.02675591654180147
22807,0.20213768343064636
22808,0.689637174822983
22809,0.8612871210189278
22810,0.004507257779660598
22811,0.0283260956998213
22812,0.014884020689612651
22813,0.031419127977994815
22814,0.42729483926697254
22815,0.8330506266013109
22816,0.32906893635474604
22817,0.5239610826418549
22818,0.32704557781927146
22819,0.011573192840880648
22820,0.26877742324200604
22821,0.012681760946712459
22822,0.025958393220587125
22823,0.8351078755630716
22824,0.6876823478954729
22825,0.09132769152759478
22826,0.7139355328175333
22827,0.7367409762361167
22828,0.7632635545151131
22829,0.012970898550018865
22830,0.8823619347880066
22831,0.608166636308661
22832,0.5084682746862816
22833,0.013182582209105011
22834,0.499727972248194
22835,0.5879307613075564
22836,0.6561072306163386
22837,0.7212089410947619
22838,0.7593480765525665
22839,0.1986490040882253
22840,0.024645729803172506
22841,0.005551726521754841
22842,0.015500065780314135
22843,0.3540466776399941
22844,0.45628780116941375
22845,0.5004474283206835
22846,0.693989993519118
22847,0.5549174540292718
22848,0.8110795939621234
22849,0.13993869096649114
22850,0.05673254485940223
22851,0.17050986213265998
22852,0.006059618941997862
22853,0.6280240553832116
22854,0.2358320039808757
22855,0.7939213649117494
22856,0.6134579654357584
22857,0.004727403457980749
22858,0.5007331311830101
22859,0.008546318801567808
22860,0.7252804483664246
22861,0.6718246101938851
22862,0.7882585959162154
22863,0.6069678226411972
22864,0.6248639376845154
22865,0.8666846613741312
22866,0.8426748304101904
22867,0.8736262990525806
22868,0.021459561700126594
22869,0.004510107405238685
22870,0.031347931482061026
22871,0.8515858243121972
22872,0.4097115948888709
22873,0.8347330262085652
22874,0.03316116402207155
22875,0.5612282504096813
22876,0.6021131948746437
22877,0.5812332371503743
22878,0.60338477144535
22879,0.8295333455903064
22880,0.47693481908983115
22881,0.032206180062457054
22882,0.5542607667168653
22883,0.20395600237990927
22884,0.011830735582446983
22885,0.0786269891955309
22886,0.8438955179821274
22887,0.46906084493905226
22888,0.5402617949571914
22889,0.8013872375029152
22890,0.6838532239257655
22891,0.5720503414690482
22892,0.039725748841152035
22893,0.5793671144268587
22894,0.297484097225705
22895,0.0763424556741622
22896,0.882432601314132
22897,0.347750159913154
22898,0.38958816472428814
22899,0.011819838184520029
22900,0.5856516555963088
22901,0.5010004763312761
22902,0.015939218649042842
22903,0.8993688733210604
22904,0.8041007842704153
22905,0.5171819794373185
22906,0.9352953103928501
22907,0.3171203199343385
22908,0.692308168505894
22909,0.00892117825703896
22910,0.00895916921956837
22911,0.021195862745011868
22912,0.6155958093549203
22913,0.12541537056276103
22914,0.09666395628240682
22915,0.8135497662173985
22916,0.04939813648458845
22917,0.20624906818817057
22918,0.009366444822306112
22919,0.5093696009538027
22920,0.008444292729429174
22921,0.9589927107757851
22922,0.061893308869467915
22923,0.5380464361741519
22924,0.01596819944890698
22925,0.5531911716541393
22926,0.22906609112658033
22927,0.06290646942025027
22928,0.6523926968692721
22929,0.020971018985898048
22930,0.803364319716959
22931,0.8938265674463542
22932,0.09119335595146137
22933,0.376315651460005
22934,0.015191440840555251
22935,0.17271073449561633
22936,0.02176088682238989
22937,0.8496050114132054
22938,0.502007908353926
22939,0.012700008054886724
22940,0.04542595575276144
22941,0.4658227607886418
22942,0.8430580950202454
22943,0.007255181471405832
22944,0.004707716215851843
22945,0.07901318963656218
22946,0.616484220934172
22947,0.63543322318229
22948,0.04331942594402648
22949,0.027718926585760674
22950,0.11627436101890752
22951,0.8609086188155833
22952,0.009405352481834786
22953,0.8272496050314432
22954,0.012817601148950452
22955,0.7598721333898324
22956,0.7611280338522701
22957,0.8493117430954029
22958,0.7338944479706384
22959,0.8491740857977869
22960,0.9548808597335063
22961,0.7321042528035567
22962,0.29265756726894876
22963,0.0456775802418541
22964,0.5255361968814692
22965,0.5643888548256556
22966,0.3608181029874311
22967,0.008808017127417918
22968,0.10742755402203862
22969,0.6857889781065984
22970,0.8138627384295403
22971,0.2820603427103263
22972,0.6243221712651501
22973,0.8105145802345436
22974,0.6535587425699529
22975,0.019131698418403557
22976,0.6031185389780366
22977,0.5755340655478219
22978,0.038995698042648665
22979,0.6781093513572538
22980,0.02881249379094724
22981,0.8283130380101129
22982,0.004573929543202082
22983,0.6633260550764847
22984,0.005983654747183305
22985,0.6684870012638092
22986,0.7319224048324312
22987,0.012581296484818582
22988,0.01690797875937603
22989,0.006451334240100059
22990,0.10240346472109785
22991,0.003973900978538957
22992,0.0371477720549382
22993,0.6913182128705828
22994,0.04760763563966587
22995,0.49359475884150916
22996,0.005539954894888218
22997,0.7038937882425158
22998,0.01187855316700085
22999,0.12578246304863427
23000,0.5703239701251048
23001,0.8253616259418266
23002,0.050875824715911025
23003,0.2826982969202235
23004,0.7986804460439061
23005,0.059195184556612886
23006,0.7257895552769502
23007,0.024394137402586127
23008,0.8581627243750858
23009,0.6062187396964573
23010,0.6340042781478226
23011,0.8412403826367301
23012,0.009949251412535363
23013,0.8759619441110853
23014,0.010315486402051063
23015,0.6805499357332023
23016,0.6617361464828191
23017,0.7845060228321888
23018,0.8719944837766911
23019,0.014667419477432978
23020,0.037287480277091244
23021,0.6954173798587024
23022,0.744807021782105
23023,0.7872529156337805
23024,0.6084922992177877
23025,0.8037892364448596
23026,0.39642163187442664
23027,0.014164140949373545
23028,0.017629355484149126
23029,0.014849189030154513
23030,0.4359193184242551
23031,0.023618387231467457
23032,0.30225008801751985
23033,0.05226057835884532
23034,0.030689201371565576
23035,0.03929462606511002
23036,0.8692353107311629
23037,0.6336522158439593
23038,0.07559069463993266
23039,0.44234797368666134
23040,0.006742391163226637
23041,0.5130516951082662
23042,0.44251140982014897
23043,0.06268669737237897
23044,0.6008832331025264
23045,0.21172858139644032
23046,0.5832682280575153
23047,0.012700452343021985
23048,0.6514835102886299
23049,0.007194730827792601
23050,0.033853409019033685
23051,0.014449601787596803
23052,0.4900883761642664
23053,0.025855136628043677
23054,0.005543343473615315
23055,0.008798528485350905
23056,0.8544325111523733
23057,0.0021341755284324804
23058,0.2782032204459496
23059,0.024848454530435247
23060,0.7891538191598358
23061,0.3780834550305239
23062,0.7063767512700846
23063,0.18927522523126056
23064,0.017154317340047267
23065,0.5720351251935285
23066,0.013360573741906205
23067,0.7537049664714733
23068,0.1069462779504731
23069,0.6412791328462474
23070,0.5173404415363555
23071,0.010723748810117636
23072,0.015650959636264693
23073,0.01012216587707809
23074,0.8679249900966184
23075,0.03038040164458955
23076,0.010650834530258608
23077,0.7840116603983491
23078,0.05663535560792429
23079,0.607208442370973
23080,0.6836745981590101
23081,0.5121634473717175
23082,0.046504530902094166
23083,0.682402496198548
23084,0.03331939045234442
23085,0.4729292261054284
23086,0.5001158712862223
23087,0.7005374031278928
23088,0.39765185262256925
23089,0.5973369538844675
23090,0.5177135197385476
23091,0.007728613389148738
23092,0.8172270226785976
23093,0.22562055386543828
23094,0.026603935957032164
23095,0.018738294922478752
23096,0.5976765663321704
23097,0.004550184143055472
23098,0.011680353751639724
23099,0.29958360521074145
23100,0.5109369958229885
23101,0.3610955533006653
23102,0.07799012023801079
23103,0.19245458961298595
23104,0.012069017063438834
23105,0.6393064626019591
23106,0.009481047918378827
23107,0.024756694582311996
23108,0.002864371242634624
23109,0.018165123905002016
23110,0.047880185387765395
23111,0.5272012753148849
23112,0.6125901086426857
23113,0.014809422984378458
23114,0.8618607604678038
23115,0.01198467444292376
23116,0.01283360895713507
23117,0.7443784993527316
23118,0.009491430315318941
23119,0.03317348850322702
23120,0.021764112914565273
23121,0.03720745540818339
23122,0.015903931551030436
23123,0.0048786084797646945
23124,0.4899068114127274
23125,0.003902255920872177
23126,0.028628625132614806
23127,0.7951747729056878
23128,0.6022630242280305
23129,0.7229858752203767
23130,0.689623618861346
23131,0.6707845722058952
23132,0.8384988670095566
23133,0.0034533545799127156
23134,0.2021312946593749
23135,0.0454448818758876
23136,0.24814837984947655
23137,0.7182288610224299
23138,0.8170479494002689
23139,0.6615967864117714
23140,0.6098445612273956
23141,0.2069153572402297
23142,0.007986295209479287
23143,0.010635807177274042
23144,0.7629420942599422
23145,0.6503243758506413
23146,0.04177435480975584
23147,0.0332365857544167
23148,0.6014073232724554
23149,0.6175831895276339
23150,0.011451070767309876
23151,0.6481631619039989
23152,0.015273982469816056
23153,0.37654581124161624
23154,0.5013614421607925
23155,0.009366047790298202
23156,0.6571523430421516
23157,0.006538091593254056
23158,0.47116882567868734
23159,0.866737632794093
23160,0.3927200163504988
23161,0.00831920654685366
23162,0.835998870740117
23163,0.2940677421746006
23164,0.6138094948903569
23165,0.4967290235364383
23166,0.5050738701347045
23167,0.020638533279737626
23168,0.5628391846989909
23169,0.36581583735418355
23170,0.5107759817130276
23171,0.03585983157881658
23172,0.7976059153271543
23173,0.03511476048992436
23174,0.06921489520189983
23175,0.05736095097165332
23176,0.5413761697100171
23177,0.021825803769141994
23178,0.023880189565780842
23179,0.7597218811380878
23180,0.21061528556555756
23181,0.600101076396616
23182,0.09077490348269801
23183,0.2580824155869305
23184,0.007638242483526403
23185,0.503922297588398
23186,0.7784779393065122
23187,0.01846286734250645
23188,0.7228565370697599
23189,0.5924450089646149
23190,0.9155912762706507
23191,0.340275063730354
23192,0.010642684910247315
23193,0.6919281836137338
23194,0.744862832127964
23195,0.6679460585888638
23196,0.21806511010825388
23197,0.41145340333156444
23198,0.5875832283574829
23199,0.028445490107448415
23200,0.3756879995900391
23201,0.35424278663228137
23202,0.4012198434559075
23203,0.5829613962948957
23204,0.01661861768345012
23205,0.005919174075110134
23206,0.7647786396994154
23207,0.8258480936292111
23208,0.03175167100271719
23209,0.2887266888214907
23210,0.027216447412699442
23211,0.7367090435388879
23212,0.866484226229525
23213,0.0073847280274081765
23214,0.3965752492192255
23215,0.19624447461949376
23216,0.6372327954908492
23217,0.594523046696314
23218,0.6427312659267885
23219,0.45408532749786645
23220,0.43905521126876446
23221,0.002878624371474797
23222,0.009553977025801083
23223,0.011743684279717753
23224,0.48414772630065617
23225,0.6973956694805686
23226,0.07184417426168964
23227,0.010184831871050728
23228,0.3229654601326553
23229,0.006085331963495436
23230,0.6321427477604843
23231,0.5891780062746577
23232,0.270140598126111
23233,0.724068211001449
23234,0.00386065132769668
23235,0.707250189903445
23236,0.034961239154206236
23237,0.6450168333045575
23238,0.6292773045124962
23239,0.7524645798934785
23240,0.010717848677482114
23241,0.019518535130124172
23242,0.44429324258872704
23243,0.620718255981036
23244,0.04040270255345012
23245,0.3764425171308754
23246,0.5336875509327581
23247,0.6812499609631839
23248,0.14486662130212563
23249,0.01853717516905867
23250,0.024519087237060755
23251,0.011501361170053718
23252,0.7911380096729336
23253,0.17779150749836153
23254,0.5510159343622323
23255,0.07827790120428964
23256,0.028033282826321733
23257,0.012812563544888023
23258,0.7659793983545631
23259,0.01542756628842137
23260,0.3149765885276303
23261,0.41236335201029095
23262,0.042912500009474226
23263,0.10864371757440823
23264,0.7659412682707615
23265,0.008025569558477535
23266,0.6274481637128262
23267,0.03610814388264025
23268,0.7879725901659455
23269,0.02111889405622611
23270,0.010551831597344808
23271,0.0431523270741174
23272,0.051519029917376356
23273,0.035801272002917765
23274,0.011640060479151356
23275,0.010344291195128249
23276,0.7650228895408754
23277,0.6081594360913306
23278,0.03403753062584343
23279,0.7233406222808642
23280,0.35675782090251895
23281,0.015225480744236014
23282,0.3881078851296229
23283,0.014257365673220198
23284,0.0578418640721008
23285,0.17654265996372964
23286,0.6499867695776077
23287,0.7833926711092191
23288,0.9128096595586448
23289,0.012656118923121315
23290,0.9001283257074673
23291,0.013371184826278014
23292,0.6012886795893183
23293,0.04738676480869963
23294,0.1598275873897525
23295,0.5018118097962309
23296,0.2779164272281775
23297,0.6762081186107631
23298,0.24562824815185247
23299,0.9089195040969203
23300,0.4280357454343438
23301,0.32689608839775713
23302,0.4670320815987875
23303,0.013809049182521628
23304,0.015046761735702463
23305,0.014474559464302289
23306,0.03598866028460219
23307,0.6246548916513911
23308,0.23882805874257362
23309,0.598163012799189
23310,0.6684950339295532
23311,0.00635061015637973
23312,0.006008276729294759
23313,0.512492955334941
23314,0.8107665594697598
23315,0.5897425610748582
23316,0.7760844631958562
23317,0.2220298838575058
23318,0.006644560330731494
23319,0.4024348723963129
23320,0.08146887085466857
23321,0.05123600672679809
23322,0.8608952111589164
23323,0.8598780786284391
23324,0.7711905685130402
23325,0.4499633893620268
23326,0.6031930940048754
23327,0.7348557086858506
23328,0.09955729619163764
23329,0.008880613263393311
23330,0.20359245898210585
23331,0.5685260296638838
23332,0.667738767026622
23333,0.4182812384957741
23334,0.5892061696973425
23335,0.053495149663591555
23336,0.042047034267446375
23337,0.2884850048635211
23338,0.7699874420120797
23339,0.46669510004944564
23340,0.006574953206954914
23341,0.7495476742920083
23342,0.8706932512156458
23343,0.01065953871380554
23344,0.004882456256944731
23345,0.6689561678150753
23346,0.6647878830903381
23347,0.8183300041633507
23348,0.7681613137104344
23349,0.029051611368838395
23350,0.7929850176466788
23351,0.40659482025550475
23352,0.4555245029611287
23353,0.014903853937986199
23354,0.00434260287104291
23355,0.8983270300038498
23356,0.9074940899100548
23357,0.7263421183987694
23358,0.0022593238470429928
23359,0.04329187957185116
23360,0.7352747161481847
23361,0.8666473397785581
23362,0.03825913841535639
23363,0.004298225991801197
23364,0.012061135030725438
23365,0.1627649824163796
23366,0.003570355019564109
23367,0.08528815148414147
23368,0.8565943837448553
23369,0.035267542656782884
23370,0.5768296536683684
23371,0.818440321675583
23372,0.683496927411326
23373,0.5593462226262353
23374,0.00440542151003755
23375,0.780099873265604
23376,0.5598842720684993
23377,0.7315584527902528
23378,0.016874423305847177
23379,0.5579620969713843
23380,0.010976626853822941
23381,0.026353499235664737
23382,0.5709201963867426
23383,0.7377453067353842
23384,0.5994193044831327
23385,0.8567550017452973
23386,0.014885297272458626
23387,0.010209409589902971
23388,0.6446783108130395
23389,0.5651645940285003
23390,0.3958688378583181
23391,0.5682900600047252
23392,0.0056003104533752495
23393,0.1746634043032485
23394,0.0468418868668023
23395,0.014348879082248047
23396,0.37468829260378034
23397,0.017655979432908
23398,0.07054540170167121
23399,0.02244043395875697
23400,0.011695927820558151
23401,0.9168208370161103
23402,0.5587729497883706
23403,0.7339882105164538
23404,0.6970702999165236
23405,0.38611516165026416
23406,0.7389817333751427
23407,0.5684060485456315
23408,0.608181623870875
23409,0.14848355011677883
23410,0.00686055027355362
23411,0.7290842682744559
23412,0.009119063020975076
23413,0.0389411845538244
23414,0.19383149347116038
23415,0.8813687337874363
23416,0.006124854655132358
23417,0.031494238250206176
23418,0.45312950662013407
23419,0.674496200522666
23420,0.5938710820974916
23421,0.01656675791306297
23422,0.005123600963898332
23423,0.011267286864285811
23424,0.01724626164051378
23425,0.47808737884224756
23426,0.7858665454849132
23427,0.8891784229929006
23428,0.5313735001186579
23429,0.02878844580680946
23430,0.7445794496925527
23431,0.470753232151299
23432,0.7086640899236354
23433,0.8263225011236621
23434,0.48626415189017935
23435,0.027054569750245894
23436,0.5191271741254573
23437,0.003495456167592715
23438,0.8329904253372435
23439,0.6019195806450561
23440,0.010964581816514744
23441,0.7072848356398551
23442,0.39563469829572906
23443,0.7702217915075273
23444,0.7801940831845035
23445,0.9221101610108441
23446,0.3695954568680506
23447,0.017461254066363677
23448,0.675401071717649
23449,0.017999216774648556
23450,0.5020951450831902
23451,0.6606754021126735
23452,0.2578360749727927
23453,0.012213681532463473
23454,0.8348763259216504
23455,0.8295702920126383
23456,0.008821338155358167
23457,0.29462169963165735
23458,0.012731990322742307
23459,0.025851093279705032
23460,0.08039207147950655
23461,0.49523273256302675
23462,0.032243961621884726
23463,0.003158913090440857
23464,0.35663298916316427
23465,0.018727823050890716
23466,0.01730563504786787
23467,0.5421289232200984
23468,0.6859630256721957
23469,0.21270048955622425
23470,0.017237553759266597
23471,0.19324082840885803
23472,0.19940856611674573
23473,0.5070256134152179
23474,0.7719903110227565
23475,0.02402764660826451
23476,0.7469009523208071
23477,0.6202045876566571
23478,0.23010087938232926
23479,0.014847580693485683
23480,0.01697267078052451
23481,0.32769058735098905
23482,0.8835537166631571
23483,0.5335480401946829
23484,0.6091684036745696
23485,0.00518956900282697
23486,0.6003830606181233
23487,0.009629253572689374
23488,0.919498237705342
23489,0.37087508415374326
23490,0.6356129706504267
23491,0.015573816220830565
23492,0.777018953851519
23493,0.8382274496259697
23494,0.036966371719242566
23495,0.0077042534015493765
23496,0.010126661753325945
23497,0.7167832250644375
23498,0.02499389572325568
23499,0.047122959711307366
23500,0.010117047710740037
23501,0.5360808702042433
23502,0.3931607222544043
23503,0.0039294215168028555
23504,0.004182532921725323
23505,0.6463363557413301
23506,0.002762359849694924
23507,0.32501064341614455
23508,0.7926380934053238
23509,0.47247714267109847
23510,0.5988294670138454
23511,0.4990294027091858
23512,0.088558091167484
23513,0.09383809335462054
23514,0.051189224165019094
23515,0.4882980403138778
23516,0.012075732588038374
23517,0.6448419191643956
23518,0.5014984987646534
23519,0.42825416792413246
23520,0.005533047738639041
23521,0.5327560385651413
23522,0.3228452730095439
23523,0.04783410763489856
23524,0.6365649365405672
23525,0.019959701063314312
23526,0.40280409870821404
23527,0.6635767190983043
23528,0.4402990838267297
23529,0.0073064029890621005
23530,0.015544304828527545
23531,0.5510414492371559
23532,0.5691540600367484
23533,0.07070659100318055
23534,0.3032031850469748
23535,0.020537028854434307
23536,0.010108614210205402
23537,0.7517386372641474
23538,0.7140192403380767
23539,0.7829573080867178
23540,0.010775118094727979
23541,0.7948153161807151
23542,0.3998604738605639
23543,0.2152346554297678
23544,0.019243875306198758
23545,0.010784394850667955
23546,0.6361553613349034
23547,0.16393489741431333
23548,0.017507770796961412
23549,0.7177554156806152
23550,0.7808539688262224
23551,0.38571472103233817
23552,0.0367237339289009
23553,0.7522505196354075
23554,0.5198090859235935
23555,0.01665540369296865
23556,0.0221821231469116
23557,0.23823512474791383
23558,0.22770959228954007
23559,0.6540715211087457
23560,0.18936807523423244
23561,0.01021188620039868
23562,0.5057679569646198
23563,0.7751484476081963
23564,0.2806879301774905
23565,0.007202726285364012
23566,0.03316613745352957
23567,0.003951935958600298
23568,0.4132596640326509
23569,0.3765604655651685
23570,0.9037490869540787
23571,0.5895354046208964
23572,0.49086434843774185
23573,0.663303332842542
23574,0.36753226428585767
23575,0.23449000443202836
23576,0.18628979467661608
23577,0.5972461969044075
23578,0.36635219104013794
23579,0.6753284818852159
23580,0.012279728558933176
23581,0.8152156012351549
23582,0.019758971918455694
23583,0.020090164041919503
23584,0.4194565361254573
23585,0.010719669918568908
23586,0.7122683926542465
23587,0.5048832066275004
23588,0.8145870638480368
23589,0.534911268575802
23590,0.7488145506207937
23591,0.00602821439021596
23592,0.8954446418218449
23593,0.25876052106051833
23594,0.4698681316454075
23595,0.34672939536748065
23596,0.025809143282909373
23597,0.4771866252340702
23598,0.5515099787548466
23599,0.6074643154489191
23600,0.12867491966249947
23601,0.6468207053683327
23602,0.08131914735521464
23603,0.5984735321394898
23604,0.305264008140622
23605,0.7056639503903894
23606,0.12567887242779244
23607,0.016403056253544816
23608,0.010449463341055626
23609,0.8510035602826427
23610,0.02672913668782133
23611,0.8687331746182354
23612,0.01854933872266962
23613,0.3580492839773363
23614,0.02501447527068184
23615,0.004962235316452025
23616,0.14885009143322145
23617,0.3685442102250263
23618,0.005878985073993231
23619,0.8125080313476456
23620,0.003860592613472157
23621,0.003073561150128067
23622,0.42349826665177165
23623,0.7954567051463619
23624,0.18132222906189374
23625,0.03310886574298644
23626,0.2963363837464118
23627,0.6540190688518763
23628,0.84335947443758
23629,0.8809980187296793
23630,0.0031463644534762444
23631,0.4275078240033941
23632,0.08459015472206499
23633,0.007548833100781305
23634,0.04503533704859335
23635,0.3357994211070953
23636,0.010538942693061937
23637,0.02812232549641489
23638,0.014827077343746917
23639,0.19630943958893599
23640,0.005393845474023739
23641,0.022072061452793945
23642,0.8650590943167397
23643,0.25111213969334495
23644,0.5369484095092155
23645,0.7889362118549575
23646,0.4834727409018877
23647,0.3202174878569899
23648,0.03508222636315165
23649,0.4563910865200362
23650,0.8682898558889889
23651,0.25258696942516184
23652,0.25698827729053486
23653,0.01735557507513961
23654,0.6236782223194302
23655,0.6628641283929552
23656,0.4049633814151445
23657,0.5138503911777
23658,0.7968641114665806
23659,0.011196702014215893
23660,0.005738441606685019
23661,0.8170780598333085
23662,0.6491315160007365
23663,0.3991516153026846
23664,0.5249857729134444
23665,0.007719908319240404
23666,0.018930106781152655
23667,0.2968125593786138
23668,0.529735998487586
23669,0.026249095475633085
23670,0.011949970039732456
23671,0.03372094539689955
23672,0.01319819225423853
23673,0.6635588566349655
23674,0.012891178027450925
23675,0.05662834869011617
23676,0.021415496583004828
23677,0.8381552503968422
23678,0.36170677409568464
23679,0.5814815995892294
23680,0.23259398115609156
23681,0.014553928664016148
23682,0.6099438290580594
23683,0.5129057764339887
23684,0.35263082004363866
23685,0.01889408269272727
23686,0.07425072350357859
23687,0.5434985061279319
23688,0.45662657550640906
23689,0.7580485231804436
23690,0.8981628834418431
23691,0.020208965699176646
23692,0.5898263927124149
23693,0.8850636996227139
23694,0.6905291378938103
23695,0.45191523003928896
23696,0.6244351909182543
23697,0.9498165521741829
23698,0.00773696219848121
23699,0.03694866016413161
23700,0.023793861849705226
23701,0.5390821401761005
23702,0.7813231580043719
23703,0.9087308939482437
23704,0.933840438753978
23705,0.19853248426805048
23706,0.39869596451840933
23707,0.019699326628375657
23708,0.29169786281826166
23709,0.007911712107191703
23710,0.010584446807772254
23711,0.30103293273179943
23712,0.052142842003561875
23713,0.4873739046956092
23714,0.3584760795300537
23715,0.6599993456211046
23716,0.17060146730313225
23717,0.44950388280302783
23718,0.011670532647304074
23719,0.03410326747252104
23720,0.010537808719214897
23721,0.028532606523523126
23722,0.4446942325810317
23723,0.7285943018429585
23724,0.6998342470150165
23725,0.5981811146866072
23726,0.7184127415098436
23727,0.22113248846199
23728,0.31802358974919
23729,0.04815524445575331
23730,0.6974963916975213
23731,0.025616546256406476
23732,0.47743957355758715
23733,0.4729663060213153
23734,0.01796223792611697
23735,0.3818689050172614
23736,0.07157610942967371
23737,0.03745793943875778
23738,0.27789624521579953
23739,0.7321170901143412
23740,0.004691576000968033
23741,0.028924869008374942
23742,0.008247381588446963
23743,0.8480813108801041
23744,0.004321204190067221
23745,0.016841695972863946
23746,0.004610688272265937
23747,0.0481012889432019
23748,0.5946239705036228
23749,0.28283030994138453
23750,0.6461033916062983
23751,0.5418669718674087
23752,0.015768887071588612
23753,0.034111524695220115
23754,0.6446302929952835
23755,0.05250817162578632
23756,0.3148308915360425
23757,0.6492476417678511
23758,0.11885315123899859
23759,0.2606710967958406
23760,0.8537672856152935
23761,0.46377702935398163
23762,0.03925966273603865
23763,0.01095236171726329
23764,0.7507292358806914
23765,0.45598677544950356
23766,0.007719391120694244
23767,0.5790849112064874
23768,0.16620695243959352
23769,0.013957701420688405
23770,0.010066582264373411
23771,0.7348122197693452
23772,0.032509102046096194
23773,0.03894092505058663
23774,0.6829919230461649
23775,0.013546425593294368
23776,0.3424608219082934
23777,0.3931359046657052
23778,0.7450902453932491
23779,0.9191335950314492
23780,0.8382400266973804
23781,0.017514185638164675
23782,0.752356180955148
23783,0.6477984592283536
23784,0.7804906839288521
23785,0.6952483684648836
23786,0.8673833079034573
23787,0.013080101873236447
23788,0.6874980071347077
23789,0.4705256487191646
23790,0.5579332978017221
23791,0.017577301321163495
23792,0.7687417715318932
23793,0.2360356726080882
23794,0.37843156391264304
23795,0.01860296086612442
23796,0.49608481872376287
23797,0.013770053319182515
23798,0.007494987249387183
23799,0.6272615256901823
23800,0.38954566436603366
23801,0.5304371244699864
23802,0.005178376274651335
23803,0.8907858963797297
23804,0.34974218960438
23805,0.9032172777671246
23806,0.4256387809573697
23807,0.8695268861430916
23808,0.011975965929187943
23809,0.0054119439942327445
23810,0.8341071330398863
23811,0.7507108080149084
23812,0.3966158903758941
23813,0.007845945141722984
23814,0.037896546953418986
23815,0.3574781305240842
23816,0.0067758810893919314
23817,0.08178317155495947
23818,0.34986219331845986
23819,0.7190646898251183
23820,0.9275282768899944
23821,0.6289292102555437
23822,0.011307335751237177
23823,0.6831258907036818
23824,0.4594906413973728
23825,0.8326363144039223
23826,0.31089700421624133
23827,0.09510252616811636
23828,0.00918082397411639
23829,0.05079695989645365
23830,0.017544973667945742
23831,0.8382134650657186
23832,0.011835697367999911
23833,0.6402092014916936
23834,0.06438856163042
23835,0.007737607346191247
23836,0.31194251921936855
23837,0.0044200295548801885
23838,0.7434041039861294
23839,0.014636457990932526
23840,0.7286361432093248
23841,0.009792947583886994
23842,0.5726850815414346
23843,0.6466550523270449
23844,0.8637018417180417
23845,0.4127578186119032
23846,0.11146385385186672
23847,0.03719231352298593
23848,0.484694556105487
23849,0.20680598601127564
23850,0.8350570272111045
23851,0.24825647092418404
23852,0.4614491906780922
23853,0.6146888950028856
23854,0.08272682468726074
23855,0.7468316956391007
23856,0.7516956877723452
23857,0.1784163760309058
23858,0.3410157194641572
23859,0.005604155652550879
23860,0.8414274661168496
23861,0.0046396742880854686
23862,0.02128382245089643
23863,0.2537699778983872
23864,0.1683223117406942
23865,0.5827859206804725
23866,0.018243022261608982
23867,0.012363838372911546
23868,0.7684142499790952
23869,0.35004677931836725
23870,0.777197940505182
23871,0.33229492234392355
23872,0.009312211836216036
23873,0.8767882802044356
23874,0.3959998471496664
23875,0.6588979049110124
23876,0.01605647593305231
23877,0.05165533109057777
23878,0.05021532764281094
23879,0.6784540790233314
23880,0.7213623562209681
23881,0.01975338259293506
23882,0.44400943637058377
23883,0.015359701965064452
23884,0.011424593906897266
23885,0.02261736581950761
23886,0.37576128618642585
23887,0.7692255808417997
23888,0.008789548460825468
23889,0.7503039276790232
23890,0.781987403697257
23891,0.11039714379084355
23892,0.49856085326237864
23893,0.29798225596919087
23894,0.5930776590863535
23895,0.008757783006599967
23896,0.28951990968235286
23897,0.023209910936740897
23898,0.7942443037614514
23899,0.7038718106197918
23900,0.030592481244904022
23901,0.38294533521790697
23902,0.5065672346608319
23903,0.6035383193987663
23904,0.0033119689667403945
23905,0.7878501722872612
23906,0.24456295571169998
23907,0.29660155763299273
23908,0.0045676233624782426
23909,0.6795896000709235
23910,0.7797022643932366
23911,0.06562173725086336
23912,0.019326615242451235
23913,0.004803246318082409
23914,0.9044305354431782
23915,0.0938568539988263
23916,0.5523674835550852
23917,0.012808617755649856
23918,0.05182204688777033
23919,0.7272742655898099
23920,0.8652007760669653
23921,0.4802847865479874
23922,0.6676138116138508
23923,0.8741761142438695
23924,0.019376202492213238
23925,0.7697877331496439
23926,0.2781872760604745
23927,0.019408475163950535
23928,0.601366429930349
23929,0.009069042541618675
23930,0.3805138411894144
23931,0.8418226290378203
23932,0.004167821615250957
23933,0.034144122710296425
23934,0.024596754676612598
23935,0.7308107888606084
23936,0.5449528531851247
23937,0.04277992439453204
23938,0.6858500800469431
23939,0.5289936326176261
23940,0.4217690143014213
23941,0.27866691115013265
23942,0.4822042502798975
23943,0.2930767853206731
23944,0.6657355208219423
23945,0.7836540915413978
23946,0.750040870515666
23947,0.28346045161110306
23948,0.09186642748354269
23949,0.749995255351902
23950,0.6507291901905464
23951,0.015046000699018576
23952,0.8348884359732873
23953,0.014929286802643592
23954,0.692349706274983
23955,0.04668751780995889
23956,0.4472929728123708
23957,0.7132615383305002
23958,0.5703282927458543
23959,0.21599537457830653
23960,0.5967215084959274
23961,0.8539337410788419
23962,0.024000133736988255
23963,0.2813724748330715
23964,0.05443875815841521
23965,0.8201068694907957
23966,0.8312337585216614
23967,0.09167847506745908
23968,0.5907471199920389
23969,0.47229645591414193
23970,0.4748352663250671
23971,0.024347552264479225
23972,0.26027553854493496
23973,0.8052861849575217
23974,0.5317299986851711
23975,0.5578676939245888
23976,0.006762118291770975
23977,0.8292868638353823
23978,0.4809596922197059
23979,0.7046284594446987
23980,0.02941722275444175
23981,0.04389904631608017
23982,0.055293684065897304
23983,0.23132578398737952
23984,0.023926320817860863
23985,0.8554197966036642
23986,0.3880325556656965
23987,0.053781461698836824
23988,0.743006348017601
23989,0.06637657422647016
23990,0.006715831630893171
23991,0.004750605500971988
23992,0.009817994014929759
23993,0.39880030159052815
23994,0.015611856930387635
23995,0.021042781182387352
23996,0.9282176292498282
23997,0.033148319609136015
23998,0.2824416114594011
23999,0.0036946133788643074
24000,0.8981882330050167
24001,0.022172855938616048
24002,0.006382637373320064
24003,0.5273615922435845
24004,0.03822201078108193
24005,0.7350614421359869
24006,0.3660906723783286
24007,0.09336894561821454
24008,0.04178645128578788
24009,0.04366608035269583
24010,0.3703002727211748
24011,0.58524742474025
24012,0.5629555526529413
24013,0.6797140569424669
24014,0.33315615774308416
24015,0.40348093467216745
24016,0.49925108346203906
24017,0.7431196353617051
24018,0.4979984844825485
24019,0.015247813714649056
24020,0.0645770201763584
24021,0.6047725495048056
24022,0.29352506443384674
24023,0.821410915612513
24024,0.02650382495891543
24025,0.5215876841217513
24026,0.5255676397249854
24027,0.5777597940471689
24028,0.4013237685884067
24029,0.3877992286761218
24030,0.15261787358515186
24031,0.010398766835798677
24032,0.5339890169360658
24033,0.7087168852073256
24034,0.7140572495348875
24035,0.5112358139006512
24036,0.24035315273367377
24037,0.421143838425512
24038,0.008500681861921494
24039,0.029063173717139058
24040,0.43598078894838627
24041,0.36562319391406406
24042,0.03792765397025161
24043,0.47655524661443127
24044,0.01843658488568297
24045,0.8981174856064684
24046,0.03440654129504948
24047,0.5527799018701551
24048,0.4041940914414019
24049,0.5009835692853476
24050,0.7102015491611439
24051,0.2764755406223101
24052,0.7906583850992414
24053,0.634632106514966
24054,0.3136836408398055
24055,0.287778421689443
24056,0.010009179493129901
24057,0.6844075409366467
24058,0.12649357346738388
24059,0.014630606910238212
24060,0.5135007100186856
24061,0.002565520172919326
24062,0.5989120702102445
24063,0.5388944848532329
24064,0.3940401662494349
24065,0.2502208433621608
24066,0.0022596258673134163
24067,0.02295625793191356
24068,0.5013103962875417
24069,0.021490822477332947
24070,0.038066094383423565
24071,0.6096691844351154
24072,0.010234873626799977
24073,0.5312150497111997
24074,0.7757704416776108
24075,0.004407295052311119
24076,0.2717531175844449
24077,0.00394247787398765
24078,0.02265976891077801
24079,0.02302105663643797
24080,0.57578997041156
24081,0.08006637524938164
24082,0.5952025934821494
24083,0.8467601386060873
24084,0.5434520960689188
24085,0.034987541851260545
24086,0.05493597794833737
24087,0.7320413305123203
24088,0.017266814528010464
24089,0.23026572287584154
24090,0.6561034381678821
24091,0.7350122138606797
24092,0.012898861578792317
24093,0.4567814835867747
24094,0.7135624276772141
24095,0.6410221836284954
24096,0.32818138256849777
24097,0.5198540806588634
24098,0.11802615959386366
24099,0.02595110132401855
24100,0.8228303291352499
24101,0.8061862106479669
24102,0.03700047082265461
24103,0.4785617394197219
24104,0.4714360509608522
24105,0.8924720665565381
24106,0.027765015666301775
24107,0.43109743472652173
24108,0.8509347713998057
24109,0.6354618006244316
24110,0.0020474158344971852
24111,0.7828167699044727
24112,0.9081496800029909
24113,0.6238841078169018
24114,0.3197176024701312
24115,0.025861905286086426
24116,0.01217115399545264
24117,0.7715160791488791
24118,0.6482656267220485
24119,0.3699656436814037
24120,0.8954981008469128
24121,0.007262928472177771
24122,0.01668679377555945
24123,0.023951836930629224
24124,0.004845221150812132
24125,0.47753859072277405
24126,0.7415669721401743
24127,0.6210405198134108
24128,0.6677948270297912
24129,0.02155429355062844
24130,0.4253286812797417
24131,0.17017298899087854
24132,0.3200562772812603
24133,0.019027177918977862
24134,0.17434034430764148
24135,0.753612893167654
24136,0.808454649816929
24137,0.044823593741747936
24138,0.7737449314828871
24139,0.7756323095168066
24140,0.6724044012958905
24141,0.10371836742855475
24142,0.01909087361860583
24143,0.004808269049070702
24144,0.4607427663045102
24145,0.5393350799246623
24146,0.706782708440379
24147,0.6036948237077117
24148,0.5031451294871887
24149,0.008151787188422077
24150,0.030809287420168315
24151,0.02777458478346772
24152,0.4626185550649764
24153,0.03272463084750341
24154,0.01958624033613428
24155,0.6687896522871004
24156,0.008289735477126275
24157,0.21540422999083683
24158,0.7224364815176898
24159,0.011382004716732914
24160,0.003979865875861325
24161,0.3840732373001403
24162,0.6391870505379394
24163,0.24091195948267952
24164,0.02102537645935582
24165,0.5812993093312897
24166,0.4384311338747668
24167,0.13787344092826653
24168,0.5475551788032855
24169,0.245060038181993
24170,0.01246727353248263
24171,0.013492429311959118
24172,0.02620128594204136
24173,0.8157276852064771
24174,0.6789325500812795
24175,0.38087119171437517
24176,0.0232253211676609
24177,0.4833822871763871
24178,0.018510926614037308
24179,0.6002711194645121
24180,0.007584271368373036
24181,0.6263661650817948
24182,0.0031560144506920366
24183,0.5154456333064409
24184,0.5868003026066947
24185,0.016873434655918056
24186,0.41378729178596224
24187,0.2820856217996319
24188,0.7776693945932197
24189,0.48180162894551437
24190,0.017664488422317038
24191,0.7991108726310316
24192,0.25653344065073197
24193,0.7934992775396735
24194,0.42148842178370316
24195,0.6336978532075801
24196,0.009183838324867253
24197,0.38881410959768786
24198,0.6302042617874568
24199,0.015029670142321629
24200,0.6338510374676154
24201,0.8261373678260839
24202,0.24413010261500978
24203,0.008627168504245816
24204,0.021210703471202835
24205,0.6235888136262571
24206,0.2540615199613404
24207,0.04285991724813774
24208,0.11391007566564379
24209,0.017565517855854786
24210,0.8427646549268646
24211,0.00621974329229543
24212,0.013115643040006578
24213,0.7062170146579688
24214,0.5019929728853503
24215,0.021048321525805623
24216,0.6697088129536812
24217,0.005921485279661045
24218,0.04116087310530005
24219,0.6195459853782018
24220,0.041658617590871576
24221,0.7619181598892799
24222,0.8330212840568741
24223,0.8164862101998451
24224,0.7026639575356609
24225,0.23715139645135155
24226,0.7264638295737893
24227,0.05705984904720427
24228,0.4866909171042182
24229,0.022639701045986383
24230,0.5600399846263774
24231,0.0563666272922252
24232,0.8117278326416882
24233,0.03745095814129484
24234,0.18373151162897886
24235,0.635374833427644
24236,0.840684272900198
24237,0.008639715752958854
24238,0.39534809580405245
24239,0.47862764513597955
24240,0.5120598861882193
24241,0.050664633367593304
24242,0.7199929583009904
24243,0.6444302885052863
24244,0.017619232385392293
24245,0.30272565219381053
24246,0.041516125719514574
24247,0.1604152717465987
24248,0.35130809795352724
24249,0.7700895857762053
24250,0.04629955030747546
24251,0.4869743304324242
24252,0.6334986440363113
24253,0.6741808754860213
24254,0.43047126583243867
24255,0.7427638466308041
24256,0.0319837624111548
24257,0.30408865520252765
24258,0.5375335664864739
24259,0.3417004642901707
24260,0.28149067437663167
24261,0.00757032727350024
24262,0.051729609662442895
24263,0.0049778415006371535
24264,0.4113779887158327
24265,0.005863733692134014
24266,0.0683178764377764
24267,0.6864046054303776
24268,0.07438224006302238
24269,0.5719758795548339
24270,0.005241212609880603
24271,0.006992921734034161
24272,0.7119005971100246
24273,0.4657873448954782
24274,0.5995339183470845
24275,0.5114239267972567
24276,0.4222636379570487
24277,0.4373642070260016
24278,0.015093497984581138
24279,0.4942369500393306
24280,0.8982938174693949
24281,0.7835450556610273
24282,0.4322527398814484
24283,0.8315556116960848
24284,0.8797141221736177
24285,0.7521859005073899
24286,0.503433774108487
24287,0.714355836550034
24288,0.6561231229330692
24289,0.17777118995043487
24290,0.5974656760106464
24291,0.023709256523742173
24292,0.2863149137924177
24293,0.7812848117030977
24294,0.7382850096329415
24295,0.6056420140478032
24296,0.39801277143581937
24297,0.4892094699436371
24298,0.47340576600840956
24299,0.7118421269069816
24300,0.8152620443374492
24301,0.7368563989115242
24302,0.00890859501228021
24303,0.2471952815653502
24304,0.21906831835642132
24305,0.010848090268390778
24306,0.10704534216598945
24307,0.0036420099793689487
24308,0.34037130649885045
24309,0.04319666958750931
24310,0.004223817876953979
24311,0.01800802126961764
24312,0.7667371376315618
24313,0.2495762777176648
24314,0.5638458373920785
24315,0.09414295664255953
24316,0.7139470823462465
24317,0.6703585905713983
24318,0.03410485679338973
24319,0.33393087618490663
24320,0.03658796648981754
24321,0.7179667806524659
24322,0.03930231482549695
24323,0.09669341427266569
24324,0.5686475895166916
24325,0.04038913456796295
24326,0.6565113760818689
24327,0.9067743387131733
24328,0.012168117078058762
24329,0.3467976200131022
24330,0.8486886329451107
24331,0.7468407984642328
24332,0.05382830141707078
24333,0.7823157238235896
24334,0.009999128667823081
24335,0.02765873962497691
24336,0.6446505347092271
24337,0.41100969359726275
24338,0.1783384582745704
24339,0.7167896041470193
24340,0.005485183832180904
24341,0.43784911736361687
24342,0.03016027929756875
24343,0.321530552140072
24344,0.07998986000989303
24345,0.24366748601392527
24346,0.8854271848970726
24347,0.8302143844542005
24348,0.6951730104682866
24349,0.684763185286192
24350,0.7457043602593697
24351,0.00948387906243887
24352,0.007709487463528427
24353,0.024762869852479955
24354,0.08015947558747999
24355,0.012876629813227014
24356,0.0998303212568749
24357,0.6212338233608314
24358,0.019291434456668685
24359,0.7298831043099896
24360,0.6145638044513997
24361,0.7160956690969321
24362,0.7545147445953562
24363,0.03102799091432363
24364,0.04047498836389271
24365,0.4263881373333722
24366,0.08199201064534482
24367,0.006159994085875854
24368,0.861546210430407
24369,0.32801004643741366
24370,0.27631585573058187
24371,0.6171776644467357
24372,0.8422026324695155
24373,0.6357856220316139
24374,0.8659616910845457
24375,0.09757448238406093
24376,0.35440755505497407
24377,0.4222233491724186
24378,0.006754677222024721
24379,0.6279204593099856
24380,0.04179417382771818
24381,0.6044136725977914
24382,0.0844353755225875
24383,0.03833985531316202
24384,0.24508924450751232
24385,0.3408918219296227
24386,0.02295480631428583
24387,0.7138830408256776
24388,0.6080318638166392
24389,0.7200597620761989
24390,0.8726201070007954
24391,0.7637113570925337
24392,0.017910199164092738
24393,0.7828353181866116
24394,0.4010802682440359
24395,0.002535087225228777
24396,0.9033279385696681
24397,0.8532329560858253
24398,0.5795125865336367
24399,0.051486933236295426
24400,0.8662051284056168
24401,0.003525140890269137
24402,0.5174195850628635
24403,0.039622267697990245
24404,0.25791689240746335
24405,0.5716547457954836
24406,0.47500202572853817
24407,0.005717191265373909
24408,0.011141665993489125
24409,0.49739590239623865
24410,0.018867872280226593
24411,0.4383677302604563
24412,0.009921173127307259
24413,0.4570559228152226
24414,0.02613969294673021
24415,0.034098949864622356
24416,0.6394282184366746
24417,0.09421111572765324
24418,0.07688404909209853
24419,0.020743185776946553
24420,0.7568338939371925
24421,0.34540208226889474
24422,0.8939061750938625
24423,0.052501998152912226
24424,0.008611796396704775
24425,0.29853265949792096
24426,0.43228664897557056
24427,0.5494692274557409
24428,0.39862446329479523
24429,0.6791984807249462
24430,0.786126820775832
24431,0.6170104945807567
24432,0.5492158650536184
24433,0.18113896444417454
24434,0.8768899999277234
24435,0.02169981297534707
24436,0.020106634703244128
24437,0.09392727305454274
24438,0.4107656322777176
24439,0.5432254888566861
24440,0.006160461525255564
24441,0.03614230843159541
24442,0.005427978108089692
24443,0.8748037127827599
24444,0.39716906573623695
24445,0.22257193073302975
24446,0.35520549311224475
24447,0.5363550133097419
24448,0.1940494425695892
24449,0.5650117972001513
24450,0.8139605022220001
24451,0.4384336036949293
24452,0.37245606893546895
24453,0.7874403181021821
24454,0.7489023419682225
24455,0.2654119822255795
24456,0.5541181289232463
24457,0.6357705960327137
24458,0.8749006830264144
24459,0.622343657287458
24460,0.40431291030183053
24461,0.7949426727183181
24462,0.008951599575208398
24463,0.032670128835012954
24464,0.01029057976496155
24465,0.6603585187724325
24466,0.013535189146639023
24467,0.005197205320716966
24468,0.5806138735404307
24469,0.8769935353074557
24470,0.02328853432494512
24471,0.46327891677610183
24472,0.42001975497501587
24473,0.028048780712191586
24474,0.10679153944507987
24475,0.17272270915057994
24476,0.002305491504941351
24477,0.7065587502486613
24478,0.8723083907232854
24479,0.796563809938934
24480,0.38338476484965867
24481,0.016638274649000695
24482,0.6034144372161426
24483,0.3953481556143251
24484,0.2882023167241607
24485,0.6398082272902702
24486,0.8301010525702278
24487,0.8903771971690391
24488,0.009200117222971807
24489,0.6874737154205026
24490,0.1732773873944325
24491,0.7479385614003029
24492,0.8809573542730077
24493,0.06484341987345724
24494,0.6967053717849546
24495,0.10212984247275363
24496,0.8415467268394083
24497,0.431672188866275
24498,0.8473664567464867
24499,0.3676941078918765
24500,0.4874200924974202
24501,0.010265398501219266
24502,0.5380147366460452
24503,0.832597170628734
24504,0.03923295443210903
24505,0.5027700796899969
24506,0.17619496226751982
24507,0.7991970588562165
24508,0.05097359406990184
24509,0.04513854177432677
24510,0.8046241756441468
24511,0.8172696983692843
24512,0.8525754177511211
24513,0.6083336939123597
24514,0.61971938076352
24515,0.8832577263157813
24516,0.004567709675093695
24517,0.03616399162042598
24518,0.6638455242160486
24519,0.5008386865398473
24520,0.06836528595035195
24521,0.01201983014459056
24522,0.8662441394877677
24523,0.018615425353909754
24524,0.5525820437520887
24525,0.27629333060401706
24526,0.014448711302446645
24527,0.7179424597409287
24528,0.6955505452155724
24529,0.001986754416854765
24530,0.7493652992827836
24531,0.8113211814319199
24532,0.008147935017063459
24533,0.03839167286394379
24534,0.019533642246930025
24535,0.03120732194128931
24536,0.8028771651700763
24537,0.0074252682714652275
24538,0.21048624648804987
24539,0.6743562828138082
24540,0.0044163251756855655
24541,0.012853236775200356
24542,0.3953177113108749
24543,0.012495200309611416
24544,0.5989259343593695
24545,0.29720855555107506
24546,0.6127320109242546
24547,0.42362083252446364
24548,0.005030593372048098
24549,0.007112144980169308
24550,0.01145548272786951
24551,0.010593040172173347
24552,0.0340014695496004
24553,0.39640798440521846
24554,0.014757008597959097
24555,0.6764175004325511
24556,0.9483063910249112
24557,0.012604382440444137
24558,0.7540397910161463
24559,0.02571395169534174
24560,0.20976014952671365
24561,0.2864849318464274
24562,0.3987200957937914
24563,0.5648372644013985
24564,0.4632389443723267
24565,0.019824566272999087
24566,0.004368014568589111
24567,0.6542110349762658
24568,0.36941961254974826
24569,0.562585211014165
24570,0.8097345761126332
24571,0.014479534811366351
24572,0.013822570863643689
24573,0.08043263789589612
24574,0.5363128898525249
24575,0.023909175843682153
24576,0.8897697735026289
24577,0.8058118410233664
24578,0.5375256102457783
24579,0.006926481789293778
24580,0.013790580766415516
24581,0.12056434160627327
24582,0.025850172265172177
24583,0.18531305457578864
24584,0.6275937053829977
24585,0.5648532305181598
24586,0.12586012576608374
24587,0.6608595490826805
24588,0.5906991141599827
24589,0.003451672659084877
24590,0.3627340552422714
24591,0.742374361860258
24592,0.5137591871260224
24593,0.47356688662160007
24594,0.48257503580789574
24595,0.0442823416002848
24596,0.009771291801933316
24597,0.02123799169091111
24598,0.017259437012878603
24599,0.7413440456733257
24600,0.4431560102886185
24601,0.005235706897707492
24602,0.001883198442392418
24603,0.42591540242099324
24604,0.020238580070800666
24605,0.00668945141433859
24606,0.3047040620024601
24607,0.004637066175808659
24608,0.04451823611061042
24609,0.2911745024849553
24610,0.28802294975282317
24611,0.5661837284877933
24612,0.674280060574432
24613,0.024974645076053383
24614,0.016839564551740495
24615,0.6273704617318542
24616,0.23802014312134692
24617,0.647796237364378
24618,0.849375218788467
24619,0.4198667221999465
24620,0.04404882697045949
24621,0.3119387713620551
24622,0.5540989477202879
24623,0.019130176339231447
24624,0.023352049999236315
24625,0.4884420477614254
24626,0.11030097603961304
24627,0.3699048775380926
24628,0.033223276430155275
24629,0.010135692196985745
24630,0.5614135695994893
24631,0.3537461819619227
24632,0.5143950113414835
24633,0.770491006181941
24634,0.6075378908855857
24635,0.018834097620208122
24636,0.017218856532653374
24637,0.28278231524227937
24638,0.72518285852468
24639,0.35593610043148743
24640,0.011180091070214948
24641,0.5111915105779414
24642,0.10899082968734171
24643,0.008340834363241513
24644,0.2520540050873876
24645,0.018714877306602793
24646,0.8926036697212857
24647,0.32133830919359063
24648,0.7039202265111939
24649,0.017130410736431328
24650,0.021803294035114548
24651,0.7505404481785564
24652,0.7286750897178743
24653,0.7687448884029858
24654,0.03458600474949765
24655,0.4478253242414724
24656,0.13347438603976147
24657,0.005136451251222394
24658,0.008417008079600769
24659,0.06426548238838878
24660,0.7090991115316161
24661,0.7100155255049864
24662,0.014578049995906268
24663,0.5724863840285837
24664,0.6676929376281288
24665,0.08789496315600587
24666,0.7431452507184149
24667,0.8695437854246986
24668,0.006033087888562564
24669,0.10436239495539988
24670,0.8174923339205494
24671,0.00857206362254971
24672,0.6995933638276874
24673,0.024861421654064606
24674,0.012967602466367406
24675,0.8626851227342438
24676,0.8888359828925049
24677,0.029133744930067904
24678,0.03504830818203018
24679,0.29891650918630364
24680,0.8994383998495346
24681,0.9213185060559501
24682,0.01371578651434117
24683,0.025883124456153997
24684,0.6477178267421783
24685,0.027000438023871753
24686,0.02605132059478096
24687,0.18467325323934194
24688,0.012900166645818379
24689,0.8950106463918548
24690,0.8754826526287574
24691,0.8707367838163308
24692,0.7202532711309562
24693,0.04289759257498618
24694,0.7631265072741561
24695,0.053622880111529304
24696,0.01935160836613072
24697,0.3373922110190497
24698,0.03428176023389127
24699,0.04054312883524404
24700,0.6652627140136662
24701,0.5790139090626025
24702,0.008291967041476597
24703,0.6813868355297852
24704,0.6824629833304575
24705,0.6211789088508884
24706,0.0830948083058453
24707,0.00918873518036837
24708,0.5600993435661603
24709,0.003120891866309296
24710,0.11734872251025896
24711,0.28990253005406547
24712,0.5950007721719978
24713,0.440317379194525
24714,0.004384166857176271
24715,0.03512831205582447
24716,0.0028541564129653347
24717,0.5954260321806902
24718,0.9251930745393426
24719,0.9002822648056634
24720,0.757783293313089
24721,0.5860134837962768
24722,0.05690210818529867
24723,0.0306097718029273
24724,0.006880452688458642
24725,0.37709254255539987
24726,0.3114146728180512
24727,0.03444927201857543
24728,0.014772776028786513
24729,0.23510330527441162
24730,0.015634440304078942
24731,0.6550459489349504
24732,0.7292404010906675
24733,0.054402991920124696
24734,0.6533574171467723
24735,0.027307150634983145
24736,0.6682215973882488
24737,0.003922811199162818
24738,0.8051772045751602
24739,0.045346196307762245
24740,0.41504878274233614
24741,0.01968003877931792
24742,0.014048409225927387
24743,0.6951909963464146
24744,0.05647908005934815
24745,0.9140451040870308
24746,0.5125727913226666
24747,0.020949294407609658
24748,0.5718249530534797
24749,0.581687600370522
24750,0.11241268614517841
24751,0.8829405979631002
24752,0.6845377682767528
24753,0.7403981706443523
24754,0.051094682576677715
24755,0.016713388802226378
24756,0.25121127423319245
24757,0.2213985365319804
24758,0.006741921228417756
24759,0.9302067677656461
24760,0.7331687456827175
24761,0.6424126838378176
24762,0.03866533305903591
24763,0.7423339354474289
24764,0.021193880034316145
24765,0.9240653399042779
24766,0.8381534741230736
24767,0.03698688227840273
24768,0.0103462675926692
24769,0.016047264471438255
24770,0.6929007233628528
24771,0.7109814717199522
24772,0.05469163762531952
24773,0.16370621171428948
24774,0.31986151723676826
24775,0.71787172305444
24776,0.025871751456743784
24777,0.08653895285665648
24778,0.026187963528281746
24779,0.05944508083072709
24780,0.4592523222896024
24781,0.9213213914219954
24782,0.6607283125710115
24783,0.2786234458755375
24784,0.6036455942727145
24785,0.43255496278283445
24786,0.25951639109262187
24787,0.6905854222842359
24788,0.11304903518224911
24789,0.07009146715302336
24790,0.012085671651937965
24791,0.040225538130308554
24792,0.02237540350240861
24793,0.0036421797411782496
24794,0.46969701000612274
24795,0.008309821434413455
24796,0.005672774636159078
24797,0.6784406295041059
24798,0.479057472633521
24799,0.614025771817469
24800,0.35607479659182345
24801,0.5689378356556045
24802,0.03876499175157596
24803,0.016983621444758124
24804,0.29045429022460734
24805,0.014540624124184482
24806,0.69236671814182
24807,0.009105749431474401
24808,0.019799081390869663
24809,0.010627714850213544
24810,0.012796370756094433
24811,0.7219254541540788
24812,0.07761301167009509
24813,0.5147715192849688
24814,0.04166795934727794
24815,0.008982584981761138
24816,0.24078129883870786
24817,0.27503321416212334
24818,0.15154174176724688
24819,0.1737054282071384
24820,0.5331218636134452
24821,0.0063715042456540675
24822,0.05003870942855591
24823,0.015467445930782628
24824,0.9088001855815926
24825,0.7952833163150634
24826,0.6991713982764545
24827,0.8752444308868511
24828,0.31579538733782914
24829,0.5111714676497302
24830,0.6350626769241705
24831,0.01968020503477526
24832,0.24418604932436122
24833,0.8368566091335542
24834,0.4867336484438626
24835,0.035714675356855526
24836,0.02590988806046849
24837,0.3653345931130227
24838,0.09210593859335699
24839,0.02337618084477947
24840,0.009488204177986355
24841,0.6696341241916363
24842,0.845962766860378
24843,0.9228028745807825
24844,0.6155751590417281
24845,0.02465431231045257
24846,0.036531317340950845
24847,0.1110510312430012
24848,0.0031678206460399923
24849,0.009965284440696932
24850,0.5789574022220391
24851,0.8613726749679315
24852,0.0136845622540661
24853,0.022845000649864017
24854,0.04372321652726159
24855,0.4713389563374002
24856,0.02632825654742654
24857,0.029880733365836215
24858,0.8861436498378321
24859,0.003746064584946658
24860,0.007374597141958415
24861,0.20487779247668592
24862,0.7650933399548179
24863,0.002353657982992937
24864,0.6955368241911654
24865,0.05618804150356427
24866,0.2808317764806124
24867,0.5087518484802531
24868,0.5998668447812942
24869,0.7781873903802805
24870,0.8541272060925237
24871,0.040190200553934324
24872,0.03178186619478915
24873,0.6586512209781263
24874,0.27494207007181126
24875,0.5923651463943522
24876,0.010282103243507723
24877,0.003618047353794662
24878,0.3183832120516114
24879,0.3953960415431283
24880,0.004634576105290554
24881,0.9018519568770174
24882,0.6858589771711726
24883,0.011147462239038645
24884,0.8569526586522391
24885,0.02981322650499997
24886,0.21015561595219637
24887,0.19639075863852842
24888,0.7619115076987972
24889,0.011528020007806415
24890,0.6054686630000067
24891,0.22922902903150083
24892,0.010720246113639907
24893,0.33161768636664696
24894,0.005568880149485182
24895,0.022726152134636735
24896,0.015129309702529037
24897,0.016174558477461458
24898,0.3003266238558736
24899,0.3579329331429131
24900,0.01641240857751007
24901,0.06935824773357299
24902,0.4458745054297216
24903,0.4154796541673915
24904,0.01643160191281257
24905,0.10930123060645038
24906,0.6667388646515122
24907,0.008182042060706008
24908,0.5264079759720837
24909,0.31790505401722335
24910,0.403026396527019
24911,0.7536520299778876
24912,0.6337123318592139
24913,0.5479735909234599
24914,0.5110112398540049
24915,0.027107700215877734
24916,0.37252454249148625
24917,0.6848768685111289
24918,0.005516263135127818
24919,0.010949575790632436
24920,0.44922525300333205
24921,0.003957362728490101
24922,0.9412265781451757
24923,0.012761342597987377
24924,0.2870122795905933
24925,0.5093115192783395
24926,0.04102418868365037
24927,0.7590868758074245
24928,0.04370793330356594
24929,0.10997857143702908
24930,0.017920892587354454
24931,0.01901288490193642
24932,0.7277542402648952
24933,0.5610227881618112
24934,0.011953133092872688
24935,0.4496461714854364
24936,0.7184901085706985
24937,0.6718742101463849
24938,0.02194932908350144
24939,0.006039003827900892
24940,0.011811013084514448
24941,0.005062170571701819
24942,0.15307571526979333
24943,0.7060213926730345
24944,0.16466435850016126
24945,0.7958791996538409
24946,0.007276983315470104
24947,0.0012004024430519113
24948,0.43451935571672856
24949,0.02159811463373124
24950,0.6860820497617293
24951,0.7580725239837657
24952,0.8273871644568143
24953,0.7800932333413787
24954,0.3902835791860179
24955,0.09462593733046964
24956,0.8053123920718196
24957,0.6046242999819514
24958,0.004466450242667297
24959,0.6656361144127788
24960,0.7776445137038126
24961,0.7351521008958563
24962,0.843466178422604
24963,0.016182186782067107
24964,0.04482761768416979
24965,0.8662957788912448
24966,0.035645994168774627
24967,0.6596271624813773
24968,0.7131615550920843
24969,0.06452654051884232
24970,0.8138803562827841
24971,0.042045265603279945
24972,0.12916464669378258
24973,0.02558822082509405
24974,0.49037232170041917
24975,0.6478054121803468
24976,0.6485529971758792
24977,0.008207515833370791
24978,0.015049638789584872
24979,0.746000345179276
24980,0.8027950363034378
24981,0.7526391842644322
24982,0.5908725720473746
24983,0.006925870090606392
24984,0.46146352513195354
24985,0.7411934126125707
24986,0.3665180878335226
24987,0.7157241945900567
24988,0.5202348252525258
24989,0.028894477904398346
24990,0.7430918386683433
24991,0.05208338313436893
24992,0.3663235979939052
24993,0.10735624485902683
24994,0.4082007926747281
24995,0.04301046979074598
24996,0.8041004078510401
24997,0.035854149343110854
24998,0.3605671157760455
24999,0.35381086634149045
